TAP version 13
# Subtest: R03 cover negative-px: browser preview, no-op bytes/history, actual move/download/fresh reopen
ok 1 - R03 cover negative-px: browser preview, no-op bytes/history, actual move/download/fresh reopen
  ---
  duration_ms: 4471.974667
  type: 'test'
  ...
# Subtest: R03 cover positive-px: browser preview, no-op bytes/history, actual move/download/fresh reopen
not ok 2 - R03 cover positive-px: browser preview, no-op bytes/history, actual move/download/fresh reopen
  ---
  duration_ms: 4315.455708
  type: 'test'
  location: '/private/tmp/ppte8/dist/tests/audit-followup-r03.test.js:44:9'
  failureType: 'testCodeFailure'
  error: 'reopened ox: 0 vs 18.666666666666668'
  code: 'ERR_ASSERTION'
  name: 'AssertionError'
  expected: true
  actual: false
  operator: '=='
  stack: |-
    near (file:///private/tmp/ppte8/dist/tests/audit-followup-r03.test.js:41:37)
    TestContext.<anonymous> (file:///private/tmp/ppte8/dist/tests/audit-followup-r03.test.js:102:25)
    async Test.run (node:internal/test_runner/test:1054:7)
    async Test.processPendingSubtests (node:internal/test_runner/test:744:7)
  ...
# Subtest: R03 cover percentage: browser preview, no-op bytes/history, actual move/download/fresh reopen
not ok 3 - R03 cover percentage: browser preview, no-op bytes/history, actual move/download/fresh reopen
  ---
  duration_ms: 1903.911041
  type: 'test'
  location: '/private/tmp/ppte8/dist/tests/audit-followup-r03.test.js:44:9'
  failureType: 'testCodeFailure'
  error: |-
    no-op rendered image pixels unchanged
    + actual - expected
    ... Skipped lines
    
      Buffer(1152) [Uint8Array] [
        137,
        80,
        78,
        71,
    ...
        137,
    +   238,
    +   96,
    -   46,
    -   88,
        217,
        29,
        26,
        106,
        20,
    ...
        105,
    +   49,
    +   104,
    +   17,
    -   113,
    -   105,
    -   16,
        163,
        33,
        23,
        241,
        239,
    ...
        133,
    +   100,
    -   97,
        247,
        86,
        94,
    +   180,
    +   155,
    -   186,
    -   169,
        249,
        70,
        169,
        151,
        203,
    ...
        213,
    +   143,
    +   247,
    -   79,
    -   246,
        158,
        27,
        143,
        225,
    +   211,
    -   179,
        213,
        93,
        99,
        106,
        159,
    +   44,
    -   46,
        188,
        49,
        166,
        246,
        249,
    ...
        169,
    +   181,
    +   177,
    +   237,
    +   179,
    -   187,
    -   99,
    -   219,
    -   217,
        213,
        231,
        199,
        212,
        158,
    ...
        235,
    +   107,
    +   203,
    +   99,
    +   82,
    +   135,
    +   174,
    +   221,
    +   60,
    +   114,
    +   101,
    +   105,
    +   76,
    +   234,
    +   206,
    -   119,
    -   150,
    -   199,
    -   164,
    -   14,
    -   93,
    -   187,
    -   121,
    -   228,
    -   202,
    -   210,
    -   152,
    -   212,
    -   218,
        124,
        251,
        177,
        149,
        125,
    ...
        121,
    +   239,
    +   131,
    -   255,
    -   195,
        81,
        56,
    +   113,
    +   119,
    +   231,
    +   152,
    +   218,
    -   177,
    -   182,
        115,
    +   7,
    +   246,
    +   140,
    +   169,
    +   45,
    +   236,
    +   122,
    -   76,
    -   237,
    -   185,
    -   3,
    -   123,
    -   198,
    -   212,
    -   22,
    -   118,
    -   189,
    -   254,
    -   203,
        253,
    +   151,
    +   251,
    +   119,
    +   199,
    +   164,
    +   94,
    +   60,
    +   176,
    +   186,
    +   231,
    +   229,
    +   95,
    +   199,
    +   164,
    -   181,
    -   49,
    -   169,
    -   23,
    -   15,
    -   172,
        238,
    +   205,
    +   199,
    +   137,
    +   223,
    +   158,
    +   194,
    +   149,
    +   248,
    +   227,
    +   246,
    -   121,
    -   249,
    -   215,
    -   49,
    -   169,
    -   123,
    -   243,
    -   113,
    -   226,
    -   247,
    -   167,
    -   112,
    -   37,
    -   254,
    -   184,
    -   253,
    -   219,
        157,
    +   181,
        31,
        126,
        218,
        244,
        240,
    ...
        122,
    +   103,
    -   119,
        20,
    +   222,
    +   31,
    -   62,
    -   24,
        252,
        229,
        205,
        177,
        123,
    ...
        37,
    +   126,
    +   191,
    +   185,
    +   242,
    +   207,
    +   150,
    +   188,
    +   227,
    +   65,
    +   67,
    -   238,
    -   222,
    -   92,
    -   249,
    -   103,
        75,
    +   208,
    +   208,
    +   18,
    +   52,
    +   180,
    +   4,
    +   13,
    +   45,
    +   65,
    +   67,
    +   75,
    +   208,
    +   208,
    +   18,
    +   52,
    +   180,
    +   4,
    +   13,
    +   45,
    +   65,
    +   67,
    +   75,
    +   208,
    +   208,
    +   18,
    +   52,
    +   180,
    +   4,
    +   13,
    +   45,
    +   65,
    +   67,
    +   75,
    +   208,
    +   208,
    +   18,
    +   52,
    +   180,
    +   4,
    +   13,
    +   45,
    +   65,
    +   67,
    +   75,
    +   208,
    +   120,
    +   248,
    +   143,
    +   250,
    +   55,
    +   175,
    +   189,
    +   50,
    +   10,
    +   71,
    +   151,
    +   247,
    +   143,
    +   169,
    +   93,
    +   62,
    +   115,
    +   114,
    +   76,
    +   109,
    -   222,
        241,
    +   198,
    +   197,
    +   235,
    +   107,
    +   203,
    +   99,
    +   82,
    +   135,
    +   174,
    +   221,
    +   60,
    +   114,
    +   101,
    +   105,
    +   76,
    +   234,
    +   206,
    +   124,
    +   251,
    +   177,
    +   149,
    +   125,
    +   99,
    +   106,
    +   255,
    +   207,
    +   74,
    +   56,
    +   151,
        160,
        161,
        37,
        104,
        104,
    ...
        104,
    +   104,
    +   9,
    +   26,
    +   90,
    +   130,
    +   134,
    +   150,
    +   160,
    +   161,
    +   37,
    +   104,
    +   104,
    +   9,
    +   26,
    +   90,
    +   130,
    +   134,
    +   150,
    +   160,
    +   161,
    +   37,
    +   104,
    +   104,
    +   9,
    +   26,
    +   90,
    +   130,
    +   134,
    +   150,
    +   160,
    +   161,
    +   37,
    +   104,
    +   104,
    +   9,
    +   26,
    +   90,
    +   130,
    +   134,
    +   150,
    +   160,
    +   161,
    +   37,
    +   104,
    +   104,
    +   9,
    +   26,
    +   90,
    +   130,
    +   134,
    +   150,
    +   160,
    +   161,
    +   37,
    +   104,
    +   104,
    +   9,
    +   26,
    +   90,
    +   130,
    +   134,
    +   150,
    +   160,
    +   161,
    +   37,
    +   104,
    +   104,
    +   9,
    +   26,
    +   90,
    +   130,
    +   134,
    +   150,
    +   160,
    +   161,
    +   37,
    +   104,
    +   104,
    +   9,
    +   26,
    +   90,
    +   130,
    +   134,
    +   150,
    +   160,
    +   161,
    +   37,
    +   104,
    +   104,
    +   9,
    +   26,
    +   90,
    +   130,
    +   134,
    +   150,
    +   160,
    +   161,
    +   37,
    +   104,
    +   104,
    +   9,
    +   26,
    +   90,
    +   130,
    +   134,
    +   150,
    +   160,
    +   161,
    +   37,
    +   104,
    +   104,
    +   9,
    +   26,
    +   90,
    +   130,
    +   134,
    +   150,
    +   160,
    +   161,
    +   37,
    +   104,
    +   104,
    +   9,
    +   26,
    +   90,
    +   130,
    +   134,
    +   150,
    +   160,
    +   161,
    +   37,
    +   104,
    +   104,
    +   9,
    +   26,
    +   90,
    +   130,
    +   134,
    +   150,
    +   160,
    +   161,
    +   37,
    +   104,
    +   104,
    +   9,
    +   26,
    +   90,
    +   130,
    +   134,
    +   150,
    +   160,
    +   161,
    +   37,
    +   104,
    +   104,
    +   9,
    +   26,
    +   90,
    +   130,
    +   134,
    +   150,
    +   160,
    +   161,
    +   37,
    +   104,
    +   104,
    +   9,
    +   26,
    +   90,
    +   130,
    +   134,
    +   150,
    +   160,
    +   161,
    +   37,
    +   104,
    +   104,
    +   9,
    +   26,
    +   90,
    +   130,
    +   134,
    +   150,
    +   160,
    +   161,
    +   37,
    +   104,
    +   104,
    +   9,
    +   26,
    +   90,
    +   130,
    +   134,
    +   150,
    +   160,
    +   161,
    +   37,
    +   104,
    +   104,
    +   9,
    +   26,
    +   90,
    +   130,
    +   134,
    +   150,
    +   160,
    +   161,
    +   37,
    +   104,
    +   104,
    +   9,
    +   26,
    +   90,
    +   130,
    +   134,
    +   150,
    +   160,
    +   161,
    +   37,
    +   104,
    +   104,
    +   9,
    +   26,
    +   90,
    +   130,
    +   134,
    +   150,
    +   160,
    +   161,
    +   37,
    +   104,
    +   104,
    +   9,
    +   26,
    +   90,
    +   130,
    +   134,
    +   150,
    +   160,
    +   161,
    +   37,
    +   104,
    +   104,
    +   9,
    +   26,
    +   90,
    +   130,
    +   134,
    +   150,
    +   160,
    +   161,
    +   37,
    +   104,
    +   104,
    +   9,
    +   26,
    +   90,
    +   130,
    +   134,
    +   150,
    +   160,
    +   161,
    +   37,
    +   104,
    +   104,
    +   9,
    +   26,
    +   90,
    +   130,
    +   134,
    +   150,
    +   160,
    +   161,
    +   37,
    +   104,
    +   104,
    +   9,
    +   26,
    +   90,
    +   130,
    +   134,
    +   150,
    +   160,
    +   161,
    +   37,
    +   104,
    +   104,
    +   9,
    +   26,
    +   90,
    +   130,
    +   134,
    +   150,
    +   160,
    +   161,
    +   37,
    +   104,
    +   104,
    +   9,
    +   26,
    +   90,
    +   130,
    +   134,
    +   150,
    +   160,
    +   161,
    +   37,
    +   104,
    +   104,
    +   9,
    +   26,
    +   90,
    +   130,
    +   134,
    +   150,
    +   160,
    +   161,
    +   37,
    +   104,
    +   104,
    +   9,
    +   26,
    +   90,
    +   130,
    +   134,
    +   150,
    +   160,
    +   161,
    +   37,
    +   104,
    +   104,
    +   9,
    +   26,
    +   90,
    +   130,
    +   134,
    +   150,
    +   160,
    +   161,
    +   37,
    +   104,
    +   104,
    +   9,
    +   26,
    +   90,
    +   130,
    +   134,
    +   150,
    +   160,
    +   161,
    +   37,
    +   104,
    +   104,
    +   9,
    +   26,
    +   90,
    +   130,
    +   134,
    +   150,
    +   160,
    +   161,
    +   37,
    +   104,
    +   104,
    +   9,
    +   26,
    +   90,
    +   130,
    +   134,
    +   150,
    +   160,
    +   161,
    +   37,
    +   104,
    +   104,
    +   9,
    +   26,
    +   90,
    +   130,
    +   134,
    +   150,
    +   160,
    +   161,
    +   37,
    +   104,
    +   104,
    +   9,
    +   26,
    +   90,
    +   130,
    +   134,
    +   150,
    +   160,
    +   161,
    +   37,
    +   104,
    +   104,
    +   9,
    +   26,
    +   179,
    +   7,
    +   151,
    +   143,
    +   246,
    +   126,
    +   245,
    +   224,
    +   230,
    +   212,
    +   210,
    +   194,
    +   0,
    +   182,
    +   96,
    +   241,
    +   194,
    +   142,
    +   245,
    -   60,
    -   252,
    -   71,
    -   253,
    -   155,
    -   215,
    -   94,
    -   25,
    -   133,
    -   163,
    -   203,
        251,
    +   119,
    +   79,
    +   175,
    +   204,
    -   199,
    -   212,
        46,
    +   157,
    +   63,
    +   184,
    +   62,
    +   31,
    +   62,
    +   126,
    +   117,
    +   0,
    +   91,
    +   182,
    +   49,
        159,
    -   57,
    -   57,
    -   166,
    -   182,
    -   120,
    -   227,
    -   226,
    -   245,
    -   59,
    -   203,
    -   99,
    -   82,
    -   135,
    -   174,
    -   221,
    -   60,
    -   114,
    -   101,
    -   105,
    -   76,
    -   106,
        109,
    +   243,
    +   249,
    +   124,
    +   125,
    -   190,
    -   253,
    -   216,
    -   202,
    -   190,
    -   49,
    -   181,
    -   255,
    -   103,
    -   37,
    -   156,
    -   75,
        208,
    -   208,
        18,
    +   252,
    +   43,
    +   27,
    +   91,
    +   242,
    +   189,
    -   52,
    -   180,
        4,
    -   13,
    -   45,
    -   65,
    -   67,
    -   75,
    -   208,
    -   208,
    -   18,
    -   52,
    -   180,
    -   4,
    -   13,
    -   45,
    -   65,
    -   67,
    -   75,
    -   208,
    -   208,
    -   18,
    -   52,
    -   180,
    -   4,
    -   13,
    -   45,
    -   65,
    -   67,
    -   75,
    -   208,
    -   208,
    -   18,
    -   52,
    -   180,
    -   4,
    -   13,
    -   45,
    -   65,
    -   67,
    -   75,
    -   208,
    -   208,
    -   18,
    -   52,
    -   180,
    -   4,
    -   13,
    -   45,
    -   65,
    -   67,
    -   75,
    -   208,
    -   208,
    -   18,
    -   52,
    -   180,
    -   4,
    -   13,
    -   45,
    -   65,
    -   67,
    -   75,
    -   208,
    -   208,
    -   18,
    -   52,
    -   180,
    -   4,
    -   13,
    -   45,
    -   65,
    -   67,
    -   75,
    -   208,
    -   208,
    -   18,
    -   52,
    -   180,
    -   4,
    -   13,
    -   45,
    -   65,
    -   67,
    -   75,
    -   208,
    -   208,
    -   18,
    -   52,
    -   180,
    -   4,
    -   13,
    -   45,
    -   65,
    -   67,
    -   75,
    -   208,
    -   208,
    -   18,
    -   52,
    -   180,
    -   4,
    -   13,
    -   45,
    -   65,
    -   67,
    -   75,
    -   208,
    -   208,
    -   18,
    -   52,
    -   180,
    -   4,
    -   13,
    -   45,
    -   65,
    -   67,
    -   75,
    -   208,
    -   208,
    -   18,
    -   52,
    -   180,
    -   4,
    -   13,
    -   45,
    -   65,
    -   67,
    -   75,
    -   208,
    -   208,
    -   18,
    -   52,
    -   180,
    -   4,
    -   13,
    -   45,
    -   65,
    -   67,
    -   75,
    -   208,
    -   208,
    -   18,
    -   52,
    -   180,
    -   4,
    -   13,
    -   45,
    -   65,
    -   67,
    -   75,
    -   208,
    -   208,
    -   18,
    -   52,
    -   180,
    -   4,
    -   13,
    -   45,
    -   65,
    -   67,
    -   75,
    -   208,
    -   208,
    -   18,
    -   52,
    -   180,
    -   4,
    -   13,
    -   45,
    -   65,
    -   67,
    -   75,
    -   208,
    -   208,
    -   18,
    -   52,
    -   180,
    -   4,
    -   13,
    -   45,
    -   65,
    -   67,
    -   75,
    -   208,
    -   208,
    -   18,
    -   52,
    -   180,
    -   4,
    -   13,
    -   45,
    -   65,
    -   67,
    -   75,
    -   208,
    -   208,
    -   18,
    -   52,
    -   180,
    -   4,
    -   13,
    -   45,
    -   65,
    -   67,
    -   75,
    -   208,
    -   208,
    -   18,
    -   52,
    -   180,
    -   4,
    -   13,
    -   45,
    -   65,
    -   67,
    -   75,
    -   208,
    -   208,
    -   18,
    -   52,
    -   180,
    -   4,
    -   13,
    -   45,
    -   65,
    -   67,
    -   75,
    -   208,
    -   208,
    -   18,
    -   52,
    -   180,
    -   4,
    -   13,
    -   45,
    -   65,
    -   67,
    -   75,
    -   208,
    -   208,
    -   18,
    -   52,
    -   180,
    -   4,
    -   13,
    -   45,
    -   65,
    -   67,
    -   75,
    -   208,
    -   208,
    -   18,
    -   52,
    -   180,
    -   4,
    -   13,
    -   45,
    -   65,
    -   67,
    -   75,
    -   208,
    -   208,
    -   18,
    -   52,
    -   180,
    -   4,
    -   13,
    -   45,
    -   65,
    -   67,
    -   75,
    -   208,
    -   208,
    -   18,
    -   52,
    -   180,
    -   4,
    -   13,
    -   45,
    -   65,
    -   67,
    -   75,
    -   208,
    -   208,
    -   18,
    -   52,
    -   180,
    -   4,
    -   13,
    -   45,
    -   65,
    -   67,
    -   75,
    -   208,
    -   208,
    -   18,
    -   52,
    -   180,
    -   4,
    -   13,
    -   45,
    -   65,
    -   67,
    -   75,
    -   208,
    -   208,
    -   18,
    -   52,
    -   180,
    -   4,
    -   13,
    -   45,
    -   65,
    -   67,
    -   75,
    -   208,
    -   208,
    -   18,
    -   52,
    -   180,
    -   4,
    -   13,
    -   45,
    -   65,
    -   67,
    -   75,
    -   208,
    -   208,
    -   18,
    -   52,
    -   180,
    -   4,
    -   13,
    -   45,
    -   65,
    -   67,
    -   75,
    -   208,
    -   208,
    -   18,
    -   52,
    -   180,
    -   4,
    -   13,
    -   45,
    -   65,
    -   67,
    -   75,
    -   208,
    -   208,
    -   18,
    -   52,
    -   180,
    -   4,
    -   13,
    -   45,
    -   65,
    -   67,
    -   75,
    -   208,
    -   208,
    -   18,
    -   52,
    -   180,
    -   4,
    -   13,
    -   45,
    -   65,
    -   67,
    -   75,
    -   208,
    -   208,
    -   18,
    -   52,
    -   180,
    -   4,
    -   13,
    -   45,
    -   65,
    -   67,
    -   75,
    -   208,
    -   208,
    -   18,
    -   52,
    -   180,
    -   4,
    -   13,
    -   45,
    -   65,
    -   67,
    -   75,
    -   208,
    -   208,
    -   18,
    -   52,
    -   180,
    -   4,
    -   13,
    -   45,
    -   65,
    -   67,
    -   75,
    -   208,
    -   208,
    -   18,
    -   52,
    -   180,
    -   4,
    -   13,
    -   45,
    -   65,
    -   67,
    -   75,
    -   208,
    -   208,
    -   18,
    -   52,
    -   180,
    -   4,
    -   13,
    -   45,
    -   65,
    -   67,
    -   75,
    -   208,
    -   208,
    -   18,
    -   52,
    -   180,
    -   4,
    -   13,
    -   45,
    -   65,
    -   67,
    -   75,
    -   208,
    -   208,
    -   18,
    -   52,
    -   180,
    -   4,
        141,
        217,
    +   166,
    +   249,
    -   131,
        203,
    +   179,
    +   47,
    +   12,
    +   96,
    +   11,
    +   142,
    +   125,
    +   248,
    -   199,
    -   123,
    -   191,
    -   122,
    -   112,
    -   115,
    -   106,
    -   105,
    -   97,
    -   0,
    -   91,
    -   176,
    -   120,
    -   97,
    -   199,
    -   250,
    -   253,
    -   123,
    -   167,
    -   87,
    -   102,
    -   151,
    -   206,
    -   31,
    -   92,
    -   159,
    -   15,
    -   31,
    -   191,
    -   58,
    -   128,
    -   45,
    -   219,
    -   152,
    -   207,
    -   182,
    -   249,
    -   124,
    -   190,
    -   62,
    -   104,
    -   9,
    -   254,
    -   149,
    -   141,
    -   45,
    -   249,
    -   94,
    -   130,
    -   198,
    -   108,
    -   211,
    -   252,
    -   229,
    -   217,
    -   23,
    -   6,
    -   176,
    -   5,
    -   239,
    -   124,
    -   244,
        221,
        198,
        241,
        79,
        0,
    ...
        255,
    +   30,
    +   31,
    +   131,
    +   48,
    -   143,
    -   117,
    -   17,
    -   179,
        0,
        0,
        0,
        6,
        73,
    ...
        122,
    +   26,
    -   38,
        125,
        183,
    +   108,
    +   197,
    +   44,
    +   164,
    -   65,
    -   180,
    -   48,
    -   80,
        0,
        0,
        0,
        0,
        73,
    
  code: 'ERR_ASSERTION'
  name: 'AssertionError'
  expected:
    0: 137
    1: 80
    2: 78
    3: 71
    4: 13
    5: 10
    6: 26
    7: 10
    8: 0
    9: 0
    10: 0
    11: 13
    12: 73
    13: 72
    14: 68
    15: 82
    16: 0
    17: 0
    18: 1
    19: 25
    20: 0
    21: 0
    22: 0
    23: 244
    24: 8
    25: 2
    26: 0
    27: 0
    28: 0
    29: 32
    30: 223
    31: 197
    32: 168
    33: 0
    34: 0
    35: 4
    36: 53
    37: 73
    38: 68
    39: 65
    40: 84
    41: 120
    42: 156
    43: 236
    44: 219
    45: 177
    46: 171
    47: 86
    48: 101
    49: 28
    50: 192
    51: 241
    52: 71
    53: 121
    54: 151
    55: 192
    56: 193
    57: 37
    58: 17
    59: 196
    60: 18
    61: 17
    62: 156
    63: 154
    64: 106
    65: 105
    66: 55
    67: 104
    68: 140
    69: 68
    70: 137
    71: 46
    72: 88
    73: 217
    74: 29
    75: 26
    76: 106
    77: 20
    78: 193
    79: 201
    80: 169
    81: 108
    82: 105
    83: 113
    84: 105
    85: 16
    86: 163
    87: 33
    88: 23
    89: 241
    90: 239
    91: 104
    92: 49
    93: 112
    94: 21
    95: 151
    96: 236
    97: 10
    98: 133
    99: 97
    100: 247
    101: 86
    102: 94
    103: 186
    104: 169
    105: 249
    106: 70
    107: 169
    108: 151
    109: 203
    110: 109
    111: 185
    112: 229
    113: 215
    114: 14
    115: 232
    116: 231
    117: 179
    118: 156
    119: 243
    120: 59
    121: 243
    122: 239
    123: 203
    124: 115
    125: 206
    126: 112
    127: 102
    128: 243
    129: 249
    130: 124
    131: 60
    132: 114
    133: 248
    134: 248
    135: 213
    136: 79
    137: 246
    138: 158
    139: 27
    140: 143
    141: 225
    142: 179
    143: 213
    144: 93
    145: 99
    146: 106
    147: 159
    148: 46
    149: 188
    150: 49
    151: 166
    152: 246
    153: 249
    154: 173
    155: 175
    156: 127
    157: 188
    158: 183
    159: 58
    160: 38
    161: 245
    162: 210
    163: 247
    164: 63
    165: 191
    166: 250
    167: 237
    168: 173
    169: 49
    170: 169
    171: 187
    172: 99
    173: 219
    174: 217
    175: 213
    176: 231
    177: 199
    178: 212
    179: 158
    180: 208
    181: 74
    182: 28
    183: 63
    184: 123
    185: 255
    186: 210
    187: 249
    188: 131
    189: 235
    190: 227
    191: 182
    192: 77
    193: 45
    194: 13
    195: 96
    196: 203
    197: 54
    198: 182
    199: 180
    200: 125
    201: 0
    202: 133
    203: 217
    204: 166
    205: 249
    206: 212
    207: 210
    208: 194
    209: 120
    210: 12
    211: 71
    212: 151
    213: 247
    214: 143
    215: 169
    216: 93
    217: 62
    218: 115
    219: 114
    220: 76
    221: 109
    222: 241
    223: 198
    224: 197
    225: 235
    226: 119
    227: 150
    228: 199
    229: 164
    230: 14
    231: 93
    232: 187
    233: 121
    234: 228
    235: 202
    236: 210
    237: 152
    238: 212
    239: 218
    240: 124
    241: 251
    242: 177
    243: 149
    244: 125
    245: 99
    246: 106
    247: 79
    248: 104
    249: 37
    250: 22
    251: 47
    252: 236
    253: 216
    254: 56
    255: 206
    256: 188
    257: 215
    258: 193
    259: 127
    260: 182
    261: 49
    262: 159
    263: 135
    264: 231
    265: 210
    266: 99
    267: 30
    268: 71
    269: 240
    270: 12
    271: 58
    272: 247
    273: 246
    274: 237
    275: 241
    276: 232
    277: 116
    278: 250
    279: 226
    280: 244
    281: 78
    282: 223
    283: 75
    284: 208
    285: 208
    286: 18
    287: 52
    288: 180
    289: 4
    290: 13
    291: 45
    292: 65
    293: 67
    294: 75
    295: 208
    296: 208
    297: 18
    298: 52
    299: 180
    300: 4
    301: 13
    302: 45
    303: 65
    304: 67
    305: 75
    306: 208
    307: 208
    308: 18
    309: 52
    310: 180
    311: 4
    312: 13
    313: 45
    314: 65
    315: 67
    316: 75
    317: 208
    318: 208
    319: 18
    320: 52
    321: 180
    322: 4
    323: 13
    324: 45
    325: 65
    326: 67
    327: 75
    328: 208
    329: 208
    330: 18
    331: 52
    332: 180
    333: 4
    334: 13
    335: 45
    336: 65
    337: 67
    338: 75
    339: 208
    340: 208
    341: 18
    342: 52
    343: 180
    344: 4
    345: 13
    346: 45
    347: 65
    348: 67
    349: 75
    350: 208
    351: 208
    352: 18
    353: 52
    354: 180
    355: 4
    356: 13
    357: 45
    358: 65
    359: 67
    360: 75
    361: 208
    362: 208
    363: 18
    364: 52
    365: 180
    366: 4
    367: 13
    368: 45
    369: 65
    370: 67
    371: 75
    372: 208
    373: 208
    374: 18
    375: 52
    376: 180
    377: 4
    378: 13
    379: 45
    380: 65
    381: 67
    382: 75
    383: 208
    384: 208
    385: 18
    386: 52
    387: 180
    388: 4
    389: 13
    390: 45
    391: 65
    392: 67
    393: 75
    394: 208
    395: 208
    396: 18
    397: 52
    398: 180
    399: 4
    400: 13
    401: 45
    402: 65
    403: 67
    404: 75
    405: 208
    406: 208
    407: 18
    408: 52
    409: 180
    410: 4
    411: 13
    412: 45
    413: 65
    414: 67
    415: 75
    416: 208
    417: 152
    418: 61
    419: 184
    420: 236
    421: 121
    422: 255
    423: 195
    424: 81
    425: 56
    426: 177
    427: 182
    428: 115
    429: 76
    430: 237
    431: 185
    432: 3
    433: 123
    434: 198
    435: 212
    436: 22
    437: 118
    438: 189
    439: 254
    440: 203
    441: 253
    442: 181
    443: 49
    444: 169
    445: 23
    446: 15
    447: 172
    448: 238
    449: 121
    450: 249
    451: 215
    452: 49
    453: 169
    454: 123
    455: 243
    456: 113
    457: 226
    458: 247
    459: 167
    460: 112
    461: 37
    462: 254
    463: 184
    464: 253
    465: 219
    466: 157
    467: 31
    468: 126
    469: 218
    470: 244
    471: 240
    472: 97
    473: 75
    474: 187
    475: 223
    476: 122
    477: 119
    478: 20
    479: 62
    480: 24
    481: 252
    482: 229
    483: 205
    484: 177
    485: 123
    486: 240
    487: 183
    488: 167
    489: 114
    490: 37
    491: 238
    492: 222
    493: 92
    494: 249
    495: 103
    496: 75
    497: 222
    498: 241
    499: 160
    500: 161
    501: 37
    502: 104
    503: 104
    504: 9
    505: 26
    506: 90
    507: 130
    508: 134
    509: 150
    510: 160
    511: 161
    512: 37
    513: 104
    514: 104
    515: 9
    516: 26
    517: 90
    518: 130
    519: 134
    520: 150
    521: 160
    522: 161
    523: 37
    524: 104
    525: 104
    526: 9
    527: 26
    528: 90
    529: 130
    530: 134
    531: 150
    532: 160
    533: 161
    534: 37
    535: 104
    536: 104
    537: 9
    538: 26
    539: 90
    540: 130
    541: 134
    542: 150
    543: 160
    544: 161
    545: 37
    546: 104
    547: 60
    548: 252
    549: 71
    550: 253
    551: 155
    552: 215
    553: 94
    554: 25
    555: 133
    556: 163
    557: 203
    558: 251
    559: 199
    560: 212
    561: 46
    562: 159
    563: 57
    564: 57
    565: 166
    566: 182
    567: 120
    568: 227
    569: 226
    570: 245
    571: 59
    572: 203
    573: 99
    574: 82
    575: 135
    576: 174
    577: 221
    578: 60
    579: 114
    580: 101
    581: 105
    582: 76
    583: 106
    584: 109
    585: 190
    586: 253
    587: 216
    588: 202
    589: 190
    590: 49
    591: 181
    592: 255
    593: 103
    594: 37
    595: 156
    596: 75
    597: 208
    598: 208
    599: 18
    600: 52
    601: 180
    602: 4
    603: 13
    604: 45
    605: 65
    606: 67
    607: 75
    608: 208
    609: 208
    610: 18
    611: 52
    612: 180
    613: 4
    614: 13
    615: 45
    616: 65
    617: 67
    618: 75
    619: 208
    620: 208
    621: 18
    622: 52
    623: 180
    624: 4
    625: 13
    626: 45
    627: 65
    628: 67
    629: 75
    630: 208
    631: 208
    632: 18
    633: 52
    634: 180
    635: 4
    636: 13
    637: 45
    638: 65
    639: 67
    640: 75
    641: 208
    642: 208
    643: 18
    644: 52
    645: 180
    646: 4
    647: 13
    648: 45
    649: 65
    650: 67
    651: 75
    652: 208
    653: 208
    654: 18
    655: 52
    656: 180
    657: 4
    658: 13
    659: 45
    660: 65
    661: 67
    662: 75
    663: 208
    664: 208
    665: 18
    666: 52
    667: 180
    668: 4
    669: 13
    670: 45
    671: 65
    672: 67
    673: 75
    674: 208
    675: 208
    676: 18
    677: 52
    678: 180
    679: 4
    680: 13
    681: 45
    682: 65
    683: 67
    684: 75
    685: 208
    686: 208
    687: 18
    688: 52
    689: 180
    690: 4
    691: 13
    692: 45
    693: 65
    694: 67
    695: 75
    696: 208
    697: 208
    698: 18
    699: 52
    700: 180
    701: 4
    702: 13
    703: 45
    704: 65
    705: 67
    706: 75
    707: 208
    708: 208
    709: 18
    710: 52
    711: 180
    712: 4
    713: 13
    714: 45
    715: 65
    716: 67
    717: 75
    718: 208
    719: 208
    720: 18
    721: 52
    722: 180
    723: 4
    724: 13
    725: 45
    726: 65
    727: 67
    728: 75
    729: 208
    730: 208
    731: 18
    732: 52
    733: 180
    734: 4
    735: 13
    736: 45
    737: 65
    738: 67
    739: 75
    740: 208
    741: 208
    742: 18
    743: 52
    744: 180
    745: 4
    746: 13
    747: 45
    748: 65
    749: 67
    750: 75
    751: 208
    752: 208
    753: 18
    754: 52
    755: 180
    756: 4
    757: 13
    758: 45
    759: 65
    760: 67
    761: 75
    762: 208
    763: 208
    764: 18
    765: 52
    766: 180
    767: 4
    768: 13
    769: 45
    770: 65
    771: 67
    772: 75
    773: 208
    774: 208
    775: 18
    776: 52
    777: 180
    778: 4
    779: 13
    780: 45
    781: 65
    782: 67
    783: 75
    784: 208
    785: 208
    786: 18
    787: 52
    788: 180
    789: 4
    790: 13
    791: 45
    792: 65
    793: 67
    794: 75
    795: 208
    796: 208
    797: 18
    798: 52
    799: 180
    800: 4
    801: 13
    802: 45
    803: 65
    804: 67
    805: 75
    806: 208
    807: 208
    808: 18
    809: 52
    810: 180
    811: 4
    812: 13
    813: 45
    814: 65
    815: 67
    816: 75
    817: 208
    818: 208
    819: 18
    820: 52
    821: 180
    822: 4
    823: 13
    824: 45
    825: 65
    826: 67
    827: 75
    828: 208
    829: 208
    830: 18
    831: 52
    832: 180
    833: 4
    834: 13
    835: 45
    836: 65
    837: 67
    838: 75
    839: 208
    840: 208
    841: 18
    842: 52
    843: 180
    844: 4
    845: 13
    846: 45
    847: 65
    848: 67
    849: 75
    850: 208
    851: 208
    852: 18
    853: 52
    854: 180
    855: 4
    856: 13
    857: 45
    858: 65
    859: 67
    860: 75
    861: 208
    862: 208
    863: 18
    864: 52
    865: 180
    866: 4
    867: 13
    868: 45
    869: 65
    870: 67
    871: 75
    872: 208
    873: 208
    874: 18
    875: 52
    876: 180
    877: 4
    878: 13
    879: 45
    880: 65
    881: 67
    882: 75
    883: 208
    884: 208
    885: 18
    886: 52
    887: 180
    888: 4
    889: 13
    890: 45
    891: 65
    892: 67
    893: 75
    894: 208
    895: 208
    896: 18
    897: 52
    898: 180
    899: 4
    900: 13
    901: 45
    902: 65
    903: 67
    904: 75
    905: 208
    906: 208
    907: 18
    908: 52
    909: 180
    910: 4
    911: 13
    912: 45
    913: 65
    914: 67
    915: 75
    916: 208
    917: 208
    918: 18
    919: 52
    920: 180
    921: 4
    922: 13
    923: 45
    924: 65
    925: 67
    926: 75
    927: 208
    928: 208
    929: 18
    930: 52
    931: 180
    932: 4
    933: 13
    934: 45
    935: 65
    936: 67
    937: 75
    938: 208
    939: 208
    940: 18
    941: 52
    942: 180
    943: 4
    944: 13
    945: 45
    946: 65
    947: 67
    948: 75
    949: 208
    950: 208
    951: 18
    952: 52
    953: 180
    954: 4
    955: 13
    956: 45
    957: 65
    958: 67
    959: 75
    960: 208
    961: 208
    962: 18
    963: 52
    964: 180
    965: 4
    966: 13
    967: 45
    968: 65
    969: 67
    970: 75
    971: 208
    972: 208
    973: 18
    974: 52
    975: 180
    976: 4
    977: 13
    978: 45
    979: 65
    980: 67
    981: 75
    982: 208
    983: 208
    984: 18
    985: 52
    986: 180
    987: 4
    988: 13
    989: 45
    990: 65
    991: 67
    992: 75
    993: 208
    994: 208
    995: 18
    996: 52
    997: 180
    998: 4
    999: 13
    1000: 45
    1001: 65
    1002: 67
    1003: 75
    1004: 208
    1005: 208
    1006: 18
    1007: 52
    1008: 180
    1009: 4
    1010: 13
    1011: 45
    1012: 65
    1013: 67
    1014: 75
    1015: 208
    1016: 208
    1017: 18
    1018: 52
    1019: 180
    1020: 4
    1021: 13
    1022: 45
    1023: 65
    1024: 67
    1025: 75
    1026: 208
    1027: 208
    1028: 18
    1029: 52
    1030: 180
    1031: 4
    1032: 13
    1033: 45
    1034: 65
    1035: 67
    1036: 75
    1037: 208
    1038: 208
    1039: 18
    1040: 52
    1041: 180
    1042: 4
    1043: 141
    1044: 217
    1045: 131
    1046: 203
    1047: 199
    1048: 123
    1049: 191
    1050: 122
    1051: 112
    1052: 115
    1053: 106
    1054: 105
    1055: 97
    1056: 0
    1057: 91
    1058: 176
    1059: 120
    1060: 97
    1061: 199
    1062: 250
    1063: 253
    1064: 123
    1065: 167
    1066: 87
    1067: 102
    1068: 151
    1069: 206
    1070: 31
    1071: 92
    1072: 159
    1073: 15
    1074: 31
    1075: 191
    1076: 58
    1077: 128
    1078: 45
    1079: 219
    1080: 152
    1081: 207
    1082: 182
    1083: 249
    1084: 124
    1085: 190
    1086: 62
    1087: 104
    1088: 9
    1089: 254
    1090: 149
    1091: 141
    1092: 45
    1093: 249
    1094: 94
    1095: 130
    1096: 198
    1097: 108
    1098: 211
    1099: 252
    1100: 229
    1101: 217
    1102: 23
    1103: 6
    1104: 176
    1105: 5
    1106: 239
    1107: 124
    1108: 244
    1109: 221
    1110: 198
    1111: 241
    1112: 79
    1113: 0
    1114: 0
    1115: 0
    1116: 255
    1117: 255
    1118: 143
    1119: 117
    1120: 17
    1121: 179
    1122: 0
    1123: 0
    1124: 0
    1125: 6
    1126: 73
    1127: 68
    1128: 65
    1129: 84
    1130: 3
    1131: 0
    1132: 122
    1133: 38
    1134: 125
    1135: 183
    1136: 65
    1137: 180
    1138: 48
    1139: 80
    1140: 0
    1141: 0
    1142: 0
    1143: 0
    1144: 73
    1145: 69
    1146: 78
    1147: 68
    1148: 174
    1149: 66
    1150: 96
    1151: 130
  actual:
    0: 137
    1: 80
    2: 78
    3: 71
    4: 13
    5: 10
    6: 26
    7: 10
    8: 0
    9: 0
    10: 0
    11: 13
    12: 73
    13: 72
    14: 68
    15: 82
    16: 0
    17: 0
    18: 1
    19: 25
    20: 0
    21: 0
    22: 0
    23: 244
    24: 8
    25: 2
    26: 0
    27: 0
    28: 0
    29: 32
    30: 223
    31: 197
    32: 168
    33: 0
    34: 0
    35: 4
    36: 53
    37: 73
    38: 68
    39: 65
    40: 84
    41: 120
    42: 156
    43: 236
    44: 219
    45: 177
    46: 171
    47: 86
    48: 101
    49: 28
    50: 192
    51: 241
    52: 71
    53: 121
    54: 151
    55: 192
    56: 193
    57: 37
    58: 17
    59: 196
    60: 18
    61: 17
    62: 156
    63: 154
    64: 106
    65: 105
    66: 55
    67: 104
    68: 140
    69: 68
    70: 137
    71: 238
    72: 96
    73: 217
    74: 29
    75: 26
    76: 106
    77: 20
    78: 193
    79: 201
    80: 169
    81: 108
    82: 105
    83: 49
    84: 104
    85: 17
    86: 163
    87: 33
    88: 23
    89: 241
    90: 239
    91: 104
    92: 49
    93: 112
    94: 21
    95: 151
    96: 236
    97: 10
    98: 133
    99: 100
    100: 247
    101: 86
    102: 94
    103: 180
    104: 155
    105: 249
    106: 70
    107: 169
    108: 151
    109: 203
    110: 109
    111: 185
    112: 229
    113: 215
    114: 14
    115: 232
    116: 231
    117: 179
    118: 156
    119: 243
    120: 59
    121: 243
    122: 239
    123: 203
    124: 115
    125: 206
    126: 112
    127: 102
    128: 243
    129: 249
    130: 124
    131: 60
    132: 114
    133: 248
    134: 248
    135: 213
    136: 143
    137: 247
    138: 158
    139: 27
    140: 143
    141: 225
    142: 211
    143: 213
    144: 93
    145: 99
    146: 106
    147: 159
    148: 44
    149: 188
    150: 49
    151: 166
    152: 246
    153: 249
    154: 173
    155: 175
    156: 127
    157: 188
    158: 183
    159: 58
    160: 38
    161: 245
    162: 210
    163: 247
    164: 63
    165: 191
    166: 250
    167: 237
    168: 173
    169: 49
    170: 169
    171: 181
    172: 177
    173: 237
    174: 179
    175: 213
    176: 231
    177: 199
    178: 212
    179: 158
    180: 208
    181: 74
    182: 28
    183: 63
    184: 123
    185: 255
    186: 210
    187: 249
    188: 131
    189: 235
    190: 227
    191: 182
    192: 77
    193: 45
    194: 13
    195: 96
    196: 203
    197: 54
    198: 182
    199: 180
    200: 125
    201: 0
    202: 133
    203: 217
    204: 166
    205: 249
    206: 212
    207: 210
    208: 194
    209: 120
    210: 12
    211: 71
    212: 151
    213: 247
    214: 143
    215: 169
    216: 93
    217: 62
    218: 115
    219: 114
    220: 76
    221: 109
    222: 241
    223: 198
    224: 197
    225: 235
    226: 107
    227: 203
    228: 99
    229: 82
    230: 135
    231: 174
    232: 221
    233: 60
    234: 114
    235: 101
    236: 105
    237: 76
    238: 234
    239: 206
    240: 124
    241: 251
    242: 177
    243: 149
    244: 125
    245: 99
    246: 106
    247: 79
    248: 104
    249: 37
    250: 22
    251: 47
    252: 236
    253: 216
    254: 56
    255: 206
    256: 188
    257: 215
    258: 193
    259: 127
    260: 182
    261: 49
    262: 159
    263: 135
    264: 231
    265: 210
    266: 99
    267: 30
    268: 71
    269: 240
    270: 12
    271: 58
    272: 247
    273: 246
    274: 237
    275: 241
    276: 232
    277: 116
    278: 250
    279: 226
    280: 244
    281: 78
    282: 223
    283: 75
    284: 208
    285: 208
    286: 18
    287: 52
    288: 180
    289: 4
    290: 13
    291: 45
    292: 65
    293: 67
    294: 75
    295: 208
    296: 208
    297: 18
    298: 52
    299: 180
    300: 4
    301: 13
    302: 45
    303: 65
    304: 67
    305: 75
    306: 208
    307: 208
    308: 18
    309: 52
    310: 180
    311: 4
    312: 13
    313: 45
    314: 65
    315: 67
    316: 75
    317: 208
    318: 208
    319: 18
    320: 52
    321: 180
    322: 4
    323: 13
    324: 45
    325: 65
    326: 67
    327: 75
    328: 208
    329: 208
    330: 18
    331: 52
    332: 180
    333: 4
    334: 13
    335: 45
    336: 65
    337: 67
    338: 75
    339: 208
    340: 208
    341: 18
    342: 52
    343: 180
    344: 4
    345: 13
    346: 45
    347: 65
    348: 67
    349: 75
    350: 208
    351: 208
    352: 18
    353: 52
    354: 180
    355: 4
    356: 13
    357: 45
    358: 65
    359: 67
    360: 75
    361: 208
    362: 208
    363: 18
    364: 52
    365: 180
    366: 4
    367: 13
    368: 45
    369: 65
    370: 67
    371: 75
    372: 208
    373: 208
    374: 18
    375: 52
    376: 180
    377: 4
    378: 13
    379: 45
    380: 65
    381: 67
    382: 75
    383: 208
    384: 208
    385: 18
    386: 52
    387: 180
    388: 4
    389: 13
    390: 45
    391: 65
    392: 67
    393: 75
    394: 208
    395: 208
    396: 18
    397: 52
    398: 180
    399: 4
    400: 13
    401: 45
    402: 65
    403: 67
    404: 75
    405: 208
    406: 208
    407: 18
    408: 52
    409: 180
    410: 4
    411: 13
    412: 45
    413: 65
    414: 67
    415: 75
    416: 208
    417: 152
    418: 61
    419: 184
    420: 236
    421: 121
    422: 239
    423: 131
    424: 81
    425: 56
    426: 113
    427: 119
    428: 231
    429: 152
    430: 218
    431: 115
    432: 7
    433: 246
    434: 140
    435: 169
    436: 45
    437: 236
    438: 122
    439: 253
    440: 151
    441: 251
    442: 119
    443: 199
    444: 164
    445: 94
    446: 60
    447: 176
    448: 186
    449: 231
    450: 229
    451: 95
    452: 199
    453: 164
    454: 238
    455: 205
    456: 199
    457: 137
    458: 223
    459: 158
    460: 194
    461: 149
    462: 248
    463: 227
    464: 246
    465: 157
    466: 181
    467: 31
    468: 126
    469: 218
    470: 244
    471: 240
    472: 97
    473: 75
    474: 187
    475: 223
    476: 122
    477: 103
    478: 20
    479: 222
    480: 31
    481: 252
    482: 229
    483: 205
    484: 177
    485: 123
    486: 240
    487: 183
    488: 167
    489: 114
    490: 37
    491: 126
    492: 191
    493: 185
    494: 242
    495: 207
    496: 150
    497: 188
    498: 227
    499: 65
    500: 67
    501: 75
    502: 208
    503: 208
    504: 18
    505: 52
    506: 180
    507: 4
    508: 13
    509: 45
    510: 65
    511: 67
    512: 75
    513: 208
    514: 208
    515: 18
    516: 52
    517: 180
    518: 4
    519: 13
    520: 45
    521: 65
    522: 67
    523: 75
    524: 208
    525: 208
    526: 18
    527: 52
    528: 180
    529: 4
    530: 13
    531: 45
    532: 65
    533: 67
    534: 75
    535: 208
    536: 208
    537: 18
    538: 52
    539: 180
    540: 4
    541: 13
    542: 45
    543: 65
    544: 67
    545: 75
    546: 208
    547: 120
    548: 248
    549: 143
    550: 250
    551: 55
    552: 175
    553: 189
    554: 50
    555: 10
    556: 71
    557: 151
    558: 247
    559: 143
    560: 169
    561: 93
    562: 62
    563: 115
    564: 114
    565: 76
    566: 109
    567: 241
    568: 198
    569: 197
    570: 235
    571: 107
    572: 203
    573: 99
    574: 82
    575: 135
    576: 174
    577: 221
    578: 60
    579: 114
    580: 101
    581: 105
    582: 76
    583: 234
    584: 206
    585: 124
    586: 251
    587: 177
    588: 149
    589: 125
    590: 99
    591: 106
    592: 255
    593: 207
    594: 74
    595: 56
    596: 151
    597: 160
    598: 161
    599: 37
    600: 104
    601: 104
    602: 9
    603: 26
    604: 90
    605: 130
    606: 134
    607: 150
    608: 160
    609: 161
    610: 37
    611: 104
    612: 104
    613: 9
    614: 26
    615: 90
    616: 130
    617: 134
    618: 150
    619: 160
    620: 161
    621: 37
    622: 104
    623: 104
    624: 9
    625: 26
    626: 90
    627: 130
    628: 134
    629: 150
    630: 160
    631: 161
    632: 37
    633: 104
    634: 104
    635: 9
    636: 26
    637: 90
    638: 130
    639: 134
    640: 150
    641: 160
    642: 161
    643: 37
    644: 104
    645: 104
    646: 9
    647: 26
    648: 90
    649: 130
    650: 134
    651: 150
    652: 160
    653: 161
    654: 37
    655: 104
    656: 104
    657: 9
    658: 26
    659: 90
    660: 130
    661: 134
    662: 150
    663: 160
    664: 161
    665: 37
    666: 104
    667: 104
    668: 9
    669: 26
    670: 90
    671: 130
    672: 134
    673: 150
    674: 160
    675: 161
    676: 37
    677: 104
    678: 104
    679: 9
    680: 26
    681: 90
    682: 130
    683: 134
    684: 150
    685: 160
    686: 161
    687: 37
    688: 104
    689: 104
    690: 9
    691: 26
    692: 90
    693: 130
    694: 134
    695: 150
    696: 160
    697: 161
    698: 37
    699: 104
    700: 104
    701: 9
    702: 26
    703: 90
    704: 130
    705: 134
    706: 150
    707: 160
    708: 161
    709: 37
    710: 104
    711: 104
    712: 9
    713: 26
    714: 90
    715: 130
    716: 134
    717: 150
    718: 160
    719: 161
    720: 37
    721: 104
    722: 104
    723: 9
    724: 26
    725: 90
    726: 130
    727: 134
    728: 150
    729: 160
    730: 161
    731: 37
    732: 104
    733: 104
    734: 9
    735: 26
    736: 90
    737: 130
    738: 134
    739: 150
    740: 160
    741: 161
    742: 37
    743: 104
    744: 104
    745: 9
    746: 26
    747: 90
    748: 130
    749: 134
    750: 150
    751: 160
    752: 161
    753: 37
    754: 104
    755: 104
    756: 9
    757: 26
    758: 90
    759: 130
    760: 134
    761: 150
    762: 160
    763: 161
    764: 37
    765: 104
    766: 104
    767: 9
    768: 26
    769: 90
    770: 130
    771: 134
    772: 150
    773: 160
    774: 161
    775: 37
    776: 104
    777: 104
    778: 9
    779: 26
    780: 90
    781: 130
    782: 134
    783: 150
    784: 160
    785: 161
    786: 37
    787: 104
    788: 104
    789: 9
    790: 26
    791: 90
    792: 130
    793: 134
    794: 150
    795: 160
    796: 161
    797: 37
    798: 104
    799: 104
    800: 9
    801: 26
    802: 90
    803: 130
    804: 134
    805: 150
    806: 160
    807: 161
    808: 37
    809: 104
    810: 104
    811: 9
    812: 26
    813: 90
    814: 130
    815: 134
    816: 150
    817: 160
    818: 161
    819: 37
    820: 104
    821: 104
    822: 9
    823: 26
    824: 90
    825: 130
    826: 134
    827: 150
    828: 160
    829: 161
    830: 37
    831: 104
    832: 104
    833: 9
    834: 26
    835: 90
    836: 130
    837: 134
    838: 150
    839: 160
    840: 161
    841: 37
    842: 104
    843: 104
    844: 9
    845: 26
    846: 90
    847: 130
    848: 134
    849: 150
    850: 160
    851: 161
    852: 37
    853: 104
    854: 104
    855: 9
    856: 26
    857: 90
    858: 130
    859: 134
    860: 150
    861: 160
    862: 161
    863: 37
    864: 104
    865: 104
    866: 9
    867: 26
    868: 90
    869: 130
    870: 134
    871: 150
    872: 160
    873: 161
    874: 37
    875: 104
    876: 104
    877: 9
    878: 26
    879: 90
    880: 130
    881: 134
    882: 150
    883: 160
    884: 161
    885: 37
    886: 104
    887: 104
    888: 9
    889: 26
    890: 90
    891: 130
    892: 134
    893: 150
    894: 160
    895: 161
    896: 37
    897: 104
    898: 104
    899: 9
    900: 26
    901: 90
    902: 130
    903: 134
    904: 150
    905: 160
    906: 161
    907: 37
    908: 104
    909: 104
    910: 9
    911: 26
    912: 90
    913: 130
    914: 134
    915: 150
    916: 160
    917: 161
    918: 37
    919: 104
    920: 104
    921: 9
    922: 26
    923: 90
    924: 130
    925: 134
    926: 150
    927: 160
    928: 161
    929: 37
    930: 104
    931: 104
    932: 9
    933: 26
    934: 90
    935: 130
    936: 134
    937: 150
    938: 160
    939: 161
    940: 37
    941: 104
    942: 104
    943: 9
    944: 26
    945: 90
    946: 130
    947: 134
    948: 150
    949: 160
    950: 161
    951: 37
    952: 104
    953: 104
    954: 9
    955: 26
    956: 90
    957: 130
    958: 134
    959: 150
    960: 160
    961: 161
    962: 37
    963: 104
    964: 104
    965: 9
    966: 26
    967: 90
    968: 130
    969: 134
    970: 150
    971: 160
    972: 161
    973: 37
    974: 104
    975: 104
    976: 9
    977: 26
    978: 90
    979: 130
    980: 134
    981: 150
    982: 160
    983: 161
    984: 37
    985: 104
    986: 104
    987: 9
    988: 26
    989: 90
    990: 130
    991: 134
    992: 150
    993: 160
    994: 161
    995: 37
    996: 104
    997: 104
    998: 9
    999: 26
    1000: 90
    1001: 130
    1002: 134
    1003: 150
    1004: 160
    1005: 161
    1006: 37
    1007: 104
    1008: 104
    1009: 9
    1010: 26
    1011: 90
    1012: 130
    1013: 134
    1014: 150
    1015: 160
    1016: 161
    1017: 37
    1018: 104
    1019: 104
    1020: 9
    1021: 26
    1022: 90
    1023: 130
    1024: 134
    1025: 150
    1026: 160
    1027: 161
    1028: 37
    1029: 104
    1030: 104
    1031: 9
    1032: 26
    1033: 90
    1034: 130
    1035: 134
    1036: 150
    1037: 160
    1038: 161
    1039: 37
    1040: 104
    1041: 104
    1042: 9
    1043: 26
    1044: 179
    1045: 7
    1046: 151
    1047: 143
    1048: 246
    1049: 126
    1050: 245
    1051: 224
    1052: 230
    1053: 212
    1054: 210
    1055: 194
    1056: 0
    1057: 182
    1058: 96
    1059: 241
    1060: 194
    1061: 142
    1062: 245
    1063: 251
    1064: 119
    1065: 79
    1066: 175
    1067: 204
    1068: 46
    1069: 157
    1070: 63
    1071: 184
    1072: 62
    1073: 31
    1074: 62
    1075: 126
    1076: 117
    1077: 0
    1078: 91
    1079: 182
    1080: 49
    1081: 159
    1082: 109
    1083: 243
    1084: 249
    1085: 124
    1086: 125
    1087: 208
    1088: 18
    1089: 252
    1090: 43
    1091: 27
    1092: 91
    1093: 242
    1094: 189
    1095: 4
    1096: 141
    1097: 217
    1098: 166
    1099: 249
    1100: 203
    1101: 179
    1102: 47
    1103: 12
    1104: 96
    1105: 11
    1106: 142
    1107: 125
    1108: 248
    1109: 221
    1110: 198
    1111: 241
    1112: 79
    1113: 0
    1114: 0
    1115: 0
    1116: 255
    1117: 255
    1118: 30
    1119: 31
    1120: 131
    1121: 48
    1122: 0
    1123: 0
    1124: 0
    1125: 6
    1126: 73
    1127: 68
    1128: 65
    1129: 84
    1130: 3
    1131: 0
    1132: 122
    1133: 26
    1134: 125
    1135: 183
    1136: 108
    1137: 197
    1138: 44
    1139: 164
    1140: 0
    1141: 0
    1142: 0
    1143: 0
    1144: 73
    1145: 69
    1146: 78
    1147: 68
    1148: 174
    1149: 66
    1150: 96
    1151: 130
  operator: 'deepStrictEqual'
  stack: |-
    TestContext.<anonymous> (file:///private/tmp/ppte8/dist/tests/audit-followup-r03.test.js:63:24)
    async Test.run (node:internal/test_runner/test:1054:7)
    async Test.processPendingSubtests (node:internal/test_runner/test:744:7)
  ...
# Subtest: R03 cover left-top: browser preview, no-op bytes/history, actual move/download/fresh reopen
not ok 4 - R03 cover left-top: browser preview, no-op bytes/history, actual move/download/fresh reopen
  ---
  duration_ms: 1668.579166
  type: 'test'
  location: '/private/tmp/ppte8/dist/tests/audit-followup-r03.test.js:44:9'
  failureType: 'testCodeFailure'
  error: |-
    no-op rendered image pixels unchanged
    + actual - expected
    ... Skipped lines
    
    + Buffer(1207) [Uint8Array] [
    - Buffer(1196) [Uint8Array] [
        137,
        80,
        78,
        71,
        13,
    ...
        4,
    +   108,
    -   97,
        73,
        68,
        65,
        84,
        120,
    ...
        219,
    +   63,
    -   49,
        168,
    +   86,
    +   101,
    -   80,
    -   85,
        28,
    +   192,
    -   128,
        241,
    +   167,
    +   186,
    +   133,
    +   213,
    +   45,
    +   90,
    +   12,
    +   193,
    +   44,
    +   48,
    +   195,
    +   136,
    +   54,
    +   109,
    +   211,
    +   73,
    +   90,
    -   83,
    -   189,
        194,
    +   33,
    -   234,
    -   41,
    -   46,
    -   134,
    -   96,
    -   22,
    -   136,
    -   97,
    -   68,
    -   155,
    -   182,
    -   233,
    -   36,
    -   45,
    -   225,
        16,
    -   8,
    -   18,
    -   10,
    -   101,
    -   230,
    -   208,
    -   96,
    -   139,
    -   32,
    -   130,
    -   147,
    -   83,
    -   217,
    -   96,
    -   139,
    -   224,
        36,
    +   20,
    -   70,
    -   80,
    -   110,
    -   46,
    -   226,
    -   210,
    -   230,
    -   158,
    -   133,
    -   14,
    -   13,
    -   78,
    -   81,
    -   130,
    -   210,
    -   146,
    -   5,
    -   137,
    -   105,
    -   79,
    -   95,
    -   150,
    -   41,
    -   15,
    -   7,
    -   121,
        202,
    +   204,
    +   161,
    +   193,
    +   22,
    +   193,
    +   4,
    +   39,
    +   167,
    +   178,
    +   193,
    +   22,
    +   193,
    +   73,
    +   140,
    +   160,
    +   220,
    +   92,
    +   164,
    +   134,
    +   54,
    -   135,
    -   23,
    -   225,
        247,
    +   236,
    +   143,
    +   67,
        131,
    +   83,
    +   148,
    +   148,
    +   180,
    +   100,
    +   65,
    +   98,
    +   218,
    +   213,
    +   155,
    +   101,
    +   202,
    +   197,
    +   65,
    +   174,
    +   242,
    +   197,
    +   147,
    +   240,
    +   249,
    +   188,
    +   28,
    +   222,
    +   243,
    +   131,
    +   103,
    +   58,
    +   156,
    +   47,
    +   207,
    +   57,
    +   195,
    +   153,
    +   153,
    +   159,
    +   159,
    +   31,
    +   215,
    +   109,
    +   218,
    +   126,
    +   250,
    -   203,
    -   189,
    -   127,
    -   56,
    -   227,
        253,
    +   21,
    +   135,
    +   199,
    +   93,
    -   56,
        247,
    +   197,
    +   197,
    +   199,
    +   191,
    +   155,
    +   91,
    +   50,
    +   38,
    -   12,
    -   119,
    -   102,
    -   126,
    -   126,
    -   126,
    -   220,
        181,
    +   254,
    +   249,
    +   85,
    -   117,
    -   215,
    -   133,
    -   207,
    -   86,
    -   31,
        27,
    -   143,
    -   221,
    -   183,
        215,
    +   188,
    +   56,
    +   38,
    +   245,
    -   151,
        253,
    +   165,
    +   95,
    +   63,
    +   57,
    +   247,
    +   245,
    +   152,
    +   212,
    +   146,
    +   185,
    +   203,
    +   175,
    -   56,
    -   183,
    -   100,
    -   76,
    -   106,
    -   211,
    -   235,
    -   107,
    -   183,
    -   172,
        127,
    +   249,
    +   195,
    +   152,
    +   218,
    -   115,
    -   76,
    -   234,
    -   167,
    -   27,
    -   191,
    -   125,
    -   125,
    -   229,
        135,
    -   49,
    -   169,
    -   37,
    -   115,
    -   55,
    -   223,
    -   255,
    -   238,
        231,
    +   159,
    +   28,
    +   83,
    +   251,
    -   49,
    -   181,
    -   47,
    -   174,
    -   190,
    -   52,
    -   166,
    -   246,
    -   249,
    -   142,
    -   119,
    -   31,
    -   188,
        96,
    +   235,
    +   171,
    +   183,
    +   94,
    +   176,
    +   253,
    +   224,
    +   149,
    +   99,
    +   71,
    +   86,
    +   223,
    +   24,
    +   239,
    -   215,
    -   145,
    -   91,
    -   39,
    -   143,
    -   175,
        187,
    +   169,
    +   165,
    +   1,
    +   44,
    +   218,
    -   55,
    -   62,
    -   117,
    -   95,
    -   75,
    -   3,
    -   88,
    -   180,
    -   133,
    -   45,
    -   61,
    -   61,
    -   128,
        194,
    +   150,
    +   238,
    +   31,
    +   64,
    +   97,
    +   230,
    +   166,
    +   121,
    +   239,
    +   153,
    +   173,
    +   227,
    +   174,
    -   204,
    -   125,
    -   243,
    -   129,
    -   139,
        59,
    +   116,
    +   126,
    +   233,
    +   137,
    +   75,
    +   143,
    +   141,
    +   73,
    +   109,
    +   89,
    +   183,
    +   118,
    +   215,
        198,
    +   13,
        99,
    +   82,
    +   223,
    +   92,
    +   248,
    +   233,
    +   221,
    +   179,
    +   159,
    +   143,
    -   119,
    -   244,
    -   234,
    -   138,
    -   51,
    -   55,
    -   150,
    -   142,
        73,
    -   109,
    -   223,
    -   184,
    -   97,
    -   239,
    -   150,
        205,
    +   94,
    +   156,
    +   59,
    +   112,
    +   252,
    +   212,
    +   152,
    -   99,
    -   82,
    -   231,
    -   174,
    -   93,
        218,
    +   230,
    +   115,
    +   43,
    +   199,
    -   119,
    -   249,
    -   244,
    -   152,
        212,
    +   78,
    +   238,
    +   223,
    +   115,
    +   235,
    +   5,
    +   59,
    +   142,
    -   236,
    -   245,
    -   185,
    -   195,
    -   167,
        206,
    +   46,
    +   28,
    +   103,
    +   60,
    +   215,
    +   193,
    +   29,
    +   91,
    +   152,
    +   207,
    +   127,
    -   143,
    -   169,
    -   109,
    -   187,
    -   178,
    -   102,
    -   76,
    -   237,
    -   236,
    -   161,
    -   253,
    -   15,
    -   94,
    -   176,
        251,
    +   210,
    +   36,
    +   219,
    +   17,
    +   220,
    +   211,
    +   14,
    +   111,
    -   196,
    -   236,
    -   194,
    -   113,
    -   198,
    -   119,
    -   29,
    -   60,
    -   178,
    -   133,
        249,
    +   99,
    +   92,
    +   223,
    -   252,
    -   191,
    -   47,
    -   77,
    -   178,
    -   29,
    -   193,
    -   19,
    -   237,
    -   216,
    -   246,
    -   63,
    -   199,
    -   221,
    -   221,
    -   233,
    -   203,
    -   131,
    -   203,
        157,
    +   62,
    +   218,
    +   247,
    +   132,
    +   247,
    -   151,
    -   160,
    -   161,
        37,
        104,
        104,
        9,
        26,
    ...
        160,
    +   161,
    +   37,
    +   104,
    +   204,
    -   49,
    -   51,
    -   30,
    -   222,
    -   170,
    -   143,
    -   246,
        140,
    +   219,
    +   183,
    +   252,
    +   173,
    +   157,
    +   35,
    +   181,
    +   233,
    +   175,
    +   71,
    +   94,
    +   186,
    +   252,
    +   208,
    +   152,
        212,
    +   11,
    +   79,
    +   45,
    +   123,
    -   214,
    -   191,
    -   95,
        120,
    +   213,
    -   235,
    -   230,
    -   115,
    -   99,
    -   82,
    -   111,
    -   188,
    -   188,
        242,
    -   249,
    -   181,
    -   171,
    -   198,
    -   164,
    -   214,
    -   204,
    -   45,
    -   219,
    -   179,
    -   250,
    -   217,
        49,
        169,
        103,
    +   231,
    +   30,
    +   223,
    +   185,
    -   111,
    -   222,
    -   90,
    -   181,
        98,
    +   226,
    +   235,
    +   240,
    +   224,
    +   229,
    +   43,
    +   203,
    +   151,
    +   174,
    +   31,
    +   83,
    +   219,
    +   253,
    +   231,
    +   19,
    +   99,
    +   106,
    +   139,
    -   211,
    -   152,
    -   218,
        190,
    +   31,
    +   126,
        191,
    +   122,
    +   60,
    +   48,
    +   251,
    +   240,
    +   157,
    +   180,
    +   180,
    +   236,
    +   181,
    +   109,
    +   35,
    -   150,
    -   143,
    -   169,
    -   45,
    -   250,
    -   125,
    -   248,
    -   227,
    -   246,
        245,
    -   204,
    -   236,
    -   243,
    -   143,
    -   210,
    -   210,
        202,
    +   224,
    +   31,
    +   207,
    +   140,
    +   101,
    +   219,
    +   198,
    +   115,
    +   99,
    +   114,
    +   107,
    +   198,
    +   228,
    +   222,
    +   30,
        247,
    +   144,
    -   118,
    -   142,
    -   212,
    -   59,
    -   131,
        127,
    +   91,
    +   122,
    +   116,
    +   137,
    +   103,
    -   189,
    -   58,
    -   86,
    -   238,
    -   28,
    -   175,
    -   141,
    -   201,
    -   173,
    -   31,
    -   147,
    -   251,
    -   120,
        60,
    -   65,
    -   254,
    -   107,
    -   233,
    -   197,
    -   37,
    -   190,
    -   241,
    -   160,
    -   161,
    -   37,
        104,
        104,
        9,
        26,
        90,
    ...
        104,
    +   104,
    +   9,
    +   26,
    +   119,
    +   242,
    +   141,
    +   250,
    +   87,
    +   47,
    +   175,
    +   29,
    -   60,
    -   202,
    -   63,
    -   234,
    -   223,
    -   191,
    -   189,
    -   97,
    -   164,
    -   142,
    -   94,
    -   93,
    -   113,
    -   230,
    -   198,
    -   210,
    -   49,
        169,
    +   67,
    +   231,
    +   151,
    +   158,
    +   184,
    +   244,
    +   216,
    +   152,
    +   212,
    +   150,
    +   117,
    +   107,
    +   119,
    +   109,
    +   220,
    +   48,
    +   38,
    +   245,
        237,
    +   133,
    +   159,
    +   119,
    +   159,
    +   253,
    +   108,
    -   27,
    -   55,
    -   236,
    -   221,
    -   178,
    -   121,
        76,
    +   106,
    +   246,
    +   226,
    -   234,
        220,
    +   129,
    +   227,
    +   167,
    +   198,
    +   212,
    +   54,
    -   181,
    -   75,
    -   251,
    -   46,
        159,
    +   91,
    +   57,
    +   166,
    +   118,
    +   114,
    +   255,
    +   158,
    +   197,
    +   45,
    +   156,
    -   30,
    -   147,
    -   154,
        189,
    +   122,
    +   92,
    +   250,
    +   229,
    +   156,
    +   125,
    +   9,
    +   26,
    +   90,
    -   62,
    -   119,
    -   248,
    -   212,
    -   249,
    -   49,
    -   181,
    -   109,
    -   87,
    -   214,
    -   140,
    -   169,
    -   157,
    -   61,
    -   180,
    -   127,
    -   113,
    -   11,
    -   103,
    -   111,
    -   95,
    -   55,
    -   126,
    -   189,
    -   98,
    -   95,
        130,
        134,
        150,
        160,
        161,
    ...
        26,
    +   51,
    +   131,
    +   255,
    +   141,
    +   249,
    +   171,
    +   63,
    +   238,
    +   89,
    +   246,
    -   90,
    -   130,
    -   134,
    -   150,
    -   160,
    -   161,
        37,
        104,
        104,
        9,
        26,
    ...
        204,
    +   92,
    +   251,
    +   123,
    +   111,
    +   197,
    +   167,
    +   215,
    +   78,
    +   246,
    +   158,
    +   217,
    +   58,
    +   128,
    +   69,
    +   216,
    +   113,
    +   116,
    +   246,
    +   198,
    +   249,
    +   155,
    +   251,
    +   126,
    +   155,
    +   57,
    +   118,
    +   100,
    +   245,
    +   141,
    +   121,
    +   211,
    +   246,
    +   211,
    +   3,
    +   88,
    +   180,
    +   133,
    +   249,
        220,
    +   55,
    +   63,
    +   63,
    +   127,
    +   99,
    +   208,
    +   18,
    +   220,
    +   150,
    +   133,
    +   45,
    +   121,
    +   95,
    +   130,
    +   198,
    +   204,
    +   77,
    +   243,
    +   199,
    -   185,
    -   125,
    -   186,
    -   250,
    -   155,
    -   59,
    -   15,
        7,
    +   159,
    +   30,
    -   46,
    -   238,
    -   24,
        192,
        34,
    +   188,
    +   241,
    +   206,
    +   143,
    +   11,
    +   199,
    -   236,
    -   62,
    -   49,
    -   123,
    -   239,
    -   249,
    -   195,
    -   131,
        191,
    -   207,
    -   156,
    -   60,
    -   190,
    -   238,
    -   222,
    -   188,
    -   117,
    -   215,
    -   133,
        1,
    -   44,
    -   218,
    -   194,
    -   124,
    -   158,
    -   154,
    -   159,
    -   159,
    -   191,
    -   55,
    -   104,
    -   9,
    -   30,
    -   202,
    -   194,
    -   150,
    -   156,
    -   151,
    -   160,
    -   49,
    -   115,
    -   223,
    -   252,
    -   213,
    -   145,
    -   87,
    -   6,
    -   176,
    -   8,
    -   31,
    -   124,
    -   242,
    -   203,
    -   194,
    -   241,
    -   31,
        0,
        0,
    -   0,
        255,
        255,
    +   187,
    +   153,
    +   207,
    +   245,
    -   130,
    -   210,
    -   164,
    -   227,
        0,
        0,
        0,
        6,
        73,
    ...
        0,
    +   222,
    +   3,
    +   120,
    +   51,
    +   42,
    +   153,
    +   137,
    +   117,
    -   106,
    -   103,
    -   118,
    -   49,
    -   135,
    -   218,
    -   127,
    -   230,
        0,
        0,
        0,
        0,
        73,
    
  code: 'ERR_ASSERTION'
  name: 'AssertionError'
  expected:
    0: 137
    1: 80
    2: 78
    3: 71
    4: 13
    5: 10
    6: 26
    7: 10
    8: 0
    9: 0
    10: 0
    11: 13
    12: 73
    13: 72
    14: 68
    15: 82
    16: 0
    17: 0
    18: 1
    19: 25
    20: 0
    21: 0
    22: 0
    23: 244
    24: 8
    25: 2
    26: 0
    27: 0
    28: 0
    29: 32
    30: 223
    31: 197
    32: 168
    33: 0
    34: 0
    35: 4
    36: 97
    37: 73
    38: 68
    39: 65
    40: 84
    41: 120
    42: 156
    43: 236
    44: 219
    45: 49
    46: 168
    47: 80
    48: 85
    49: 28
    50: 128
    51: 241
    52: 83
    53: 189
    54: 194
    55: 234
    56: 41
    57: 46
    58: 134
    59: 96
    60: 22
    61: 136
    62: 97
    63: 68
    64: 155
    65: 182
    66: 233
    67: 36
    68: 45
    69: 225
    70: 16
    71: 8
    72: 18
    73: 10
    74: 101
    75: 230
    76: 208
    77: 96
    78: 139
    79: 32
    80: 130
    81: 147
    82: 83
    83: 217
    84: 96
    85: 139
    86: 224
    87: 36
    88: 70
    89: 80
    90: 110
    91: 46
    92: 226
    93: 210
    94: 230
    95: 158
    96: 133
    97: 14
    98: 13
    99: 78
    100: 81
    101: 130
    102: 210
    103: 146
    104: 5
    105: 137
    106: 105
    107: 79
    108: 95
    109: 150
    110: 41
    111: 15
    112: 7
    113: 121
    114: 202
    115: 135
    116: 23
    117: 225
    118: 247
    119: 131
    120: 203
    121: 189
    122: 127
    123: 56
    124: 227
    125: 253
    126: 56
    127: 247
    128: 12
    129: 119
    130: 102
    131: 126
    132: 126
    133: 126
    134: 220
    135: 181
    136: 117
    137: 215
    138: 133
    139: 207
    140: 86
    141: 31
    142: 27
    143: 143
    144: 221
    145: 183
    146: 215
    147: 151
    148: 253
    149: 56
    150: 183
    151: 100
    152: 76
    153: 106
    154: 211
    155: 235
    156: 107
    157: 183
    158: 172
    159: 127
    160: 115
    161: 76
    162: 234
    163: 167
    164: 27
    165: 191
    166: 125
    167: 125
    168: 229
    169: 135
    170: 49
    171: 169
    172: 37
    173: 115
    174: 55
    175: 223
    176: 255
    177: 238
    178: 231
    179: 49
    180: 181
    181: 47
    182: 174
    183: 190
    184: 52
    185: 166
    186: 246
    187: 249
    188: 142
    189: 119
    190: 31
    191: 188
    192: 96
    193: 215
    194: 145
    195: 91
    196: 39
    197: 143
    198: 175
    199: 187
    200: 55
    201: 62
    202: 117
    203: 95
    204: 75
    205: 3
    206: 88
    207: 180
    208: 133
    209: 45
    210: 61
    211: 61
    212: 128
    213: 194
    214: 204
    215: 125
    216: 243
    217: 129
    218: 139
    219: 59
    220: 198
    221: 99
    222: 119
    223: 244
    224: 234
    225: 138
    226: 51
    227: 55
    228: 150
    229: 142
    230: 73
    231: 109
    232: 223
    233: 184
    234: 97
    235: 239
    236: 150
    237: 205
    238: 99
    239: 82
    240: 231
    241: 174
    242: 93
    243: 218
    244: 119
    245: 249
    246: 244
    247: 152
    248: 212
    249: 236
    250: 245
    251: 185
    252: 195
    253: 167
    254: 206
    255: 143
    256: 169
    257: 109
    258: 187
    259: 178
    260: 102
    261: 76
    262: 237
    263: 236
    264: 161
    265: 253
    266: 15
    267: 94
    268: 176
    269: 251
    270: 196
    271: 236
    272: 194
    273: 113
    274: 198
    275: 119
    276: 29
    277: 60
    278: 178
    279: 133
    280: 249
    281: 252
    282: 191
    283: 47
    284: 77
    285: 178
    286: 29
    287: 193
    288: 19
    289: 237
    290: 216
    291: 246
    292: 63
    293: 199
    294: 221
    295: 221
    296: 233
    297: 203
    298: 131
    299: 203
    300: 157
    301: 151
    302: 160
    303: 161
    304: 37
    305: 104
    306: 104
    307: 9
    308: 26
    309: 90
    310: 130
    311: 134
    312: 150
    313: 160
    314: 161
    315: 37
    316: 104
    317: 104
    318: 9
    319: 26
    320: 90
    321: 130
    322: 134
    323: 150
    324: 160
    325: 161
    326: 37
    327: 104
    328: 104
    329: 9
    330: 26
    331: 90
    332: 130
    333: 134
    334: 150
    335: 160
    336: 161
    337: 37
    338: 104
    339: 104
    340: 9
    341: 26
    342: 90
    343: 130
    344: 134
    345: 150
    346: 160
    347: 161
    348: 37
    349: 104
    350: 104
    351: 9
    352: 26
    353: 90
    354: 130
    355: 134
    356: 150
    357: 160
    358: 161
    359: 37
    360: 104
    361: 104
    362: 9
    363: 26
    364: 90
    365: 130
    366: 134
    367: 150
    368: 160
    369: 161
    370: 37
    371: 104
    372: 104
    373: 9
    374: 26
    375: 90
    376: 130
    377: 134
    378: 150
    379: 160
    380: 161
    381: 37
    382: 104
    383: 104
    384: 9
    385: 26
    386: 90
    387: 130
    388: 134
    389: 150
    390: 160
    391: 161
    392: 37
    393: 104
    394: 104
    395: 9
    396: 26
    397: 90
    398: 130
    399: 134
    400: 150
    401: 160
    402: 161
    403: 37
    404: 104
    405: 104
    406: 9
    407: 26
    408: 90
    409: 130
    410: 134
    411: 150
    412: 160
    413: 161
    414: 37
    415: 104
    416: 104
    417: 9
    418: 26
    419: 90
    420: 130
    421: 134
    422: 150
    423: 160
    424: 161
    425: 37
    426: 104
    427: 104
    428: 9
    429: 26
    430: 90
    431: 130
    432: 134
    433: 150
    434: 160
    435: 49
    436: 51
    437: 30
    438: 222
    439: 170
    440: 143
    441: 246
    442: 140
    443: 212
    444: 214
    445: 191
    446: 95
    447: 120
    448: 235
    449: 230
    450: 115
    451: 99
    452: 82
    453: 111
    454: 188
    455: 188
    456: 242
    457: 249
    458: 181
    459: 171
    460: 198
    461: 164
    462: 214
    463: 204
    464: 45
    465: 219
    466: 179
    467: 250
    468: 217
    469: 49
    470: 169
    471: 103
    472: 111
    473: 222
    474: 90
    475: 181
    476: 98
    477: 211
    478: 152
    479: 218
    480: 190
    481: 191
    482: 150
    483: 143
    484: 169
    485: 45
    486: 250
    487: 125
    488: 248
    489: 227
    490: 246
    491: 245
    492: 204
    493: 236
    494: 243
    495: 143
    496: 210
    497: 210
    498: 202
    499: 247
    500: 118
    501: 142
    502: 212
    503: 59
    504: 131
    505: 127
    506: 189
    507: 58
    508: 86
    509: 238
    510: 28
    511: 175
    512: 141
    513: 201
    514: 173
    515: 31
    516: 147
    517: 251
    518: 120
    519: 60
    520: 65
    521: 254
    522: 107
    523: 233
    524: 197
    525: 37
    526: 190
    527: 241
    528: 160
    529: 161
    530: 37
    531: 104
    532: 104
    533: 9
    534: 26
    535: 90
    536: 130
    537: 134
    538: 150
    539: 160
    540: 161
    541: 37
    542: 104
    543: 104
    544: 9
    545: 26
    546: 90
    547: 130
    548: 134
    549: 150
    550: 160
    551: 161
    552: 37
    553: 104
    554: 104
    555: 9
    556: 26
    557: 90
    558: 130
    559: 134
    560: 150
    561: 160
    562: 161
    563: 37
    564: 104
    565: 104
    566: 9
    567: 26
    568: 90
    569: 130
    570: 134
    571: 150
    572: 160
    573: 161
    574: 37
    575: 104
    576: 60
    577: 202
    578: 63
    579: 234
    580: 223
    581: 191
    582: 189
    583: 97
    584: 164
    585: 142
    586: 94
    587: 93
    588: 113
    589: 230
    590: 198
    591: 210
    592: 49
    593: 169
    594: 237
    595: 27
    596: 55
    597: 236
    598: 221
    599: 178
    600: 121
    601: 76
    602: 234
    603: 220
    604: 181
    605: 75
    606: 251
    607: 46
    608: 159
    609: 30
    610: 147
    611: 154
    612: 189
    613: 62
    614: 119
    615: 248
    616: 212
    617: 249
    618: 49
    619: 181
    620: 109
    621: 87
    622: 214
    623: 140
    624: 169
    625: 157
    626: 61
    627: 180
    628: 127
    629: 113
    630: 11
    631: 103
    632: 111
    633: 95
    634: 55
    635: 126
    636: 189
    637: 98
    638: 95
    639: 130
    640: 134
    641: 150
    642: 160
    643: 161
    644: 37
    645: 104
    646: 104
    647: 9
    648: 26
    649: 90
    650: 130
    651: 134
    652: 150
    653: 160
    654: 161
    655: 37
    656: 104
    657: 104
    658: 9
    659: 26
    660: 90
    661: 130
    662: 134
    663: 150
    664: 160
    665: 161
    666: 37
    667: 104
    668: 104
    669: 9
    670: 26
    671: 90
    672: 130
    673: 134
    674: 150
    675: 160
    676: 161
    677: 37
    678: 104
    679: 104
    680: 9
    681: 26
    682: 90
    683: 130
    684: 134
    685: 150
    686: 160
    687: 161
    688: 37
    689: 104
    690: 104
    691: 9
    692: 26
    693: 90
    694: 130
    695: 134
    696: 150
    697: 160
    698: 161
    699: 37
    700: 104
    701: 104
    702: 9
    703: 26
    704: 90
    705: 130
    706: 134
    707: 150
    708: 160
    709: 161
    710: 37
    711: 104
    712: 104
    713: 9
    714: 26
    715: 90
    716: 130
    717: 134
    718: 150
    719: 160
    720: 161
    721: 37
    722: 104
    723: 104
    724: 9
    725: 26
    726: 90
    727: 130
    728: 134
    729: 150
    730: 160
    731: 161
    732: 37
    733: 104
    734: 104
    735: 9
    736: 26
    737: 90
    738: 130
    739: 134
    740: 150
    741: 160
    742: 161
    743: 37
    744: 104
    745: 104
    746: 9
    747: 26
    748: 90
    749: 130
    750: 134
    751: 150
    752: 160
    753: 161
    754: 37
    755: 104
    756: 104
    757: 9
    758: 26
    759: 90
    760: 130
    761: 134
    762: 150
    763: 160
    764: 161
    765: 37
    766: 104
    767: 104
    768: 9
    769: 26
    770: 90
    771: 130
    772: 134
    773: 150
    774: 160
    775: 161
    776: 37
    777: 104
    778: 104
    779: 9
    780: 26
    781: 90
    782: 130
    783: 134
    784: 150
    785: 160
    786: 161
    787: 37
    788: 104
    789: 104
    790: 9
    791: 26
    792: 90
    793: 130
    794: 134
    795: 150
    796: 160
    797: 161
    798: 37
    799: 104
    800: 104
    801: 9
    802: 26
    803: 90
    804: 130
    805: 134
    806: 150
    807: 160
    808: 161
    809: 37
    810: 104
    811: 104
    812: 9
    813: 26
    814: 90
    815: 130
    816: 134
    817: 150
    818: 160
    819: 161
    820: 37
    821: 104
    822: 104
    823: 9
    824: 26
    825: 90
    826: 130
    827: 134
    828: 150
    829: 160
    830: 161
    831: 37
    832: 104
    833: 104
    834: 9
    835: 26
    836: 90
    837: 130
    838: 134
    839: 150
    840: 160
    841: 161
    842: 37
    843: 104
    844: 104
    845: 9
    846: 26
    847: 90
    848: 130
    849: 134
    850: 150
    851: 160
    852: 161
    853: 37
    854: 104
    855: 104
    856: 9
    857: 26
    858: 90
    859: 130
    860: 134
    861: 150
    862: 160
    863: 161
    864: 37
    865: 104
    866: 104
    867: 9
    868: 26
    869: 90
    870: 130
    871: 134
    872: 150
    873: 160
    874: 161
    875: 37
    876: 104
    877: 104
    878: 9
    879: 26
    880: 90
    881: 130
    882: 134
    883: 150
    884: 160
    885: 161
    886: 37
    887: 104
    888: 104
    889: 9
    890: 26
    891: 90
    892: 130
    893: 134
    894: 150
    895: 160
    896: 161
    897: 37
    898: 104
    899: 104
    900: 9
    901: 26
    902: 90
    903: 130
    904: 134
    905: 150
    906: 160
    907: 161
    908: 37
    909: 104
    910: 104
    911: 9
    912: 26
    913: 90
    914: 130
    915: 134
    916: 150
    917: 160
    918: 161
    919: 37
    920: 104
    921: 104
    922: 9
    923: 26
    924: 90
    925: 130
    926: 134
    927: 150
    928: 160
    929: 161
    930: 37
    931: 104
    932: 104
    933: 9
    934: 26
    935: 90
    936: 130
    937: 134
    938: 150
    939: 160
    940: 161
    941: 37
    942: 104
    943: 104
    944: 9
    945: 26
    946: 90
    947: 130
    948: 134
    949: 150
    950: 160
    951: 161
    952: 37
    953: 104
    954: 104
    955: 9
    956: 26
    957: 90
    958: 130
    959: 134
    960: 150
    961: 160
    962: 161
    963: 37
    964: 104
    965: 104
    966: 9
    967: 26
    968: 90
    969: 130
    970: 134
    971: 150
    972: 160
    973: 161
    974: 37
    975: 104
    976: 104
    977: 9
    978: 26
    979: 90
    980: 130
    981: 134
    982: 150
    983: 160
    984: 161
    985: 37
    986: 104
    987: 104
    988: 9
    989: 26
    990: 90
    991: 130
    992: 134
    993: 150
    994: 160
    995: 161
    996: 37
    997: 104
    998: 104
    999: 9
    1000: 26
    1001: 90
    1002: 130
    1003: 134
    1004: 150
    1005: 160
    1006: 161
    1007: 37
    1008: 104
    1009: 104
    1010: 9
    1011: 26
    1012: 90
    1013: 130
    1014: 134
    1015: 150
    1016: 160
    1017: 161
    1018: 37
    1019: 104
    1020: 104
    1021: 9
    1022: 26
    1023: 90
    1024: 130
    1025: 134
    1026: 150
    1027: 160
    1028: 161
    1029: 37
    1030: 104
    1031: 104
    1032: 9
    1033: 26
    1034: 90
    1035: 130
    1036: 134
    1037: 150
    1038: 160
    1039: 161
    1040: 37
    1041: 104
    1042: 104
    1043: 9
    1044: 26
    1045: 90
    1046: 130
    1047: 134
    1048: 150
    1049: 160
    1050: 161
    1051: 37
    1052: 104
    1053: 104
    1054: 9
    1055: 26
    1056: 90
    1057: 130
    1058: 134
    1059: 150
    1060: 160
    1061: 161
    1062: 37
    1063: 104
    1064: 104
    1065: 9
    1066: 26
    1067: 90
    1068: 130
    1069: 134
    1070: 150
    1071: 160
    1072: 161
    1073: 37
    1074: 104
    1075: 104
    1076: 9
    1077: 26
    1078: 90
    1079: 130
    1080: 134
    1081: 150
    1082: 160
    1083: 161
    1084: 37
    1085: 104
    1086: 204
    1087: 220
    1088: 185
    1089: 125
    1090: 186
    1091: 250
    1092: 155
    1093: 59
    1094: 15
    1095: 7
    1096: 46
    1097: 238
    1098: 24
    1099: 192
    1100: 34
    1101: 236
    1102: 62
    1103: 49
    1104: 123
    1105: 239
    1106: 249
    1107: 195
    1108: 131
    1109: 191
    1110: 207
    1111: 156
    1112: 60
    1113: 190
    1114: 238
    1115: 222
    1116: 188
    1117: 117
    1118: 215
    1119: 133
    1120: 1
    1121: 44
    1122: 218
    1123: 194
    1124: 124
    1125: 158
    1126: 154
    1127: 159
    1128: 159
    1129: 191
    1130: 55
    1131: 104
    1132: 9
    1133: 30
    1134: 202
    1135: 194
    1136: 150
    1137: 156
    1138: 151
    1139: 160
    1140: 49
    1141: 115
    1142: 223
    1143: 252
    1144: 213
    1145: 145
    1146: 87
    1147: 6
    1148: 176
    1149: 8
    1150: 31
    1151: 124
    1152: 242
    1153: 203
    1154: 194
    1155: 241
    1156: 31
    1157: 0
    1158: 0
    1159: 0
    1160: 255
    1161: 255
    1162: 130
    1163: 210
    1164: 164
    1165: 227
    1166: 0
    1167: 0
    1168: 0
    1169: 6
    1170: 73
    1171: 68
    1172: 65
    1173: 84
    1174: 3
    1175: 0
    1176: 106
    1177: 103
    1178: 118
    1179: 49
    1180: 135
    1181: 218
    1182: 127
    1183: 230
    1184: 0
    1185: 0
    1186: 0
    1187: 0
    1188: 73
    1189: 69
    1190: 78
    1191: 68
    1192: 174
    1193: 66
    1194: 96
    1195: 130
  actual:
    0: 137
    1: 80
    2: 78
    3: 71
    4: 13
    5: 10
    6: 26
    7: 10
    8: 0
    9: 0
    10: 0
    11: 13
    12: 73
    13: 72
    14: 68
    15: 82
    16: 0
    17: 0
    18: 1
    19: 25
    20: 0
    21: 0
    22: 0
    23: 244
    24: 8
    25: 2
    26: 0
    27: 0
    28: 0
    29: 32
    30: 223
    31: 197
    32: 168
    33: 0
    34: 0
    35: 4
    36: 108
    37: 73
    38: 68
    39: 65
    40: 84
    41: 120
    42: 156
    43: 236
    44: 219
    45: 63
    46: 168
    47: 86
    48: 101
    49: 28
    50: 192
    51: 241
    52: 167
    53: 186
    54: 133
    55: 213
    56: 45
    57: 90
    58: 12
    59: 193
    60: 44
    61: 48
    62: 195
    63: 136
    64: 54
    65: 109
    66: 211
    67: 73
    68: 90
    69: 194
    70: 33
    71: 16
    72: 36
    73: 20
    74: 202
    75: 204
    76: 161
    77: 193
    78: 22
    79: 193
    80: 4
    81: 39
    82: 167
    83: 178
    84: 193
    85: 22
    86: 193
    87: 73
    88: 140
    89: 160
    90: 220
    91: 92
    92: 164
    93: 134
    94: 54
    95: 247
    96: 236
    97: 143
    98: 67
    99: 131
    100: 83
    101: 148
    102: 148
    103: 180
    104: 100
    105: 65
    106: 98
    107: 218
    108: 213
    109: 155
    110: 101
    111: 202
    112: 197
    113: 65
    114: 174
    115: 242
    116: 197
    117: 147
    118: 240
    119: 249
    120: 188
    121: 28
    122: 222
    123: 243
    124: 131
    125: 103
    126: 58
    127: 156
    128: 47
    129: 207
    130: 57
    131: 195
    132: 153
    133: 153
    134: 159
    135: 159
    136: 31
    137: 215
    138: 109
    139: 218
    140: 126
    141: 250
    142: 253
    143: 21
    144: 135
    145: 199
    146: 93
    147: 247
    148: 197
    149: 197
    150: 199
    151: 191
    152: 155
    153: 91
    154: 50
    155: 38
    156: 181
    157: 254
    158: 249
    159: 85
    160: 27
    161: 215
    162: 188
    163: 56
    164: 38
    165: 245
    166: 253
    167: 165
    168: 95
    169: 63
    170: 57
    171: 247
    172: 245
    173: 152
    174: 212
    175: 146
    176: 185
    177: 203
    178: 175
    179: 127
    180: 249
    181: 195
    182: 152
    183: 218
    184: 135
    185: 231
    186: 159
    187: 28
    188: 83
    189: 251
    190: 96
    191: 235
    192: 171
    193: 183
    194: 94
    195: 176
    196: 253
    197: 224
    198: 149
    199: 99
    200: 71
    201: 86
    202: 223
    203: 24
    204: 239
    205: 187
    206: 169
    207: 165
    208: 1
    209: 44
    210: 218
    211: 194
    212: 150
    213: 238
    214: 31
    215: 64
    216: 97
    217: 230
    218: 166
    219: 121
    220: 239
    221: 153
    222: 173
    223: 227
    224: 174
    225: 59
    226: 116
    227: 126
    228: 233
    229: 137
    230: 75
    231: 143
    232: 141
    233: 73
    234: 109
    235: 89
    236: 183
    237: 118
    238: 215
    239: 198
    240: 13
    241: 99
    242: 82
    243: 223
    244: 92
    245: 248
    246: 233
    247: 221
    248: 179
    249: 159
    250: 143
    251: 73
    252: 205
    253: 94
    254: 156
    255: 59
    256: 112
    257: 252
    258: 212
    259: 152
    260: 218
    261: 230
    262: 115
    263: 43
    264: 199
    265: 212
    266: 78
    267: 238
    268: 223
    269: 115
    270: 235
    271: 5
    272: 59
    273: 142
    274: 206
    275: 46
    276: 28
    277: 103
    278: 60
    279: 215
    280: 193
    281: 29
    282: 91
    283: 152
    284: 207
    285: 127
    286: 251
    287: 210
    288: 36
    289: 219
    290: 17
    291: 220
    292: 211
    293: 14
    294: 111
    295: 249
    296: 99
    297: 92
    298: 223
    299: 157
    300: 62
    301: 218
    302: 247
    303: 132
    304: 247
    305: 37
    306: 104
    307: 104
    308: 9
    309: 26
    310: 90
    311: 130
    312: 134
    313: 150
    314: 160
    315: 161
    316: 37
    317: 104
    318: 104
    319: 9
    320: 26
    321: 90
    322: 130
    323: 134
    324: 150
    325: 160
    326: 161
    327: 37
    328: 104
    329: 104
    330: 9
    331: 26
    332: 90
    333: 130
    334: 134
    335: 150
    336: 160
    337: 161
    338: 37
    339: 104
    340: 104
    341: 9
    342: 26
    343: 90
    344: 130
    345: 134
    346: 150
    347: 160
    348: 161
    349: 37
    350: 104
    351: 104
    352: 9
    353: 26
    354: 90
    355: 130
    356: 134
    357: 150
    358: 160
    359: 161
    360: 37
    361: 104
    362: 104
    363: 9
    364: 26
    365: 90
    366: 130
    367: 134
    368: 150
    369: 160
    370: 161
    371: 37
    372: 104
    373: 104
    374: 9
    375: 26
    376: 90
    377: 130
    378: 134
    379: 150
    380: 160
    381: 161
    382: 37
    383: 104
    384: 104
    385: 9
    386: 26
    387: 90
    388: 130
    389: 134
    390: 150
    391: 160
    392: 161
    393: 37
    394: 104
    395: 104
    396: 9
    397: 26
    398: 90
    399: 130
    400: 134
    401: 150
    402: 160
    403: 161
    404: 37
    405: 104
    406: 104
    407: 9
    408: 26
    409: 90
    410: 130
    411: 134
    412: 150
    413: 160
    414: 161
    415: 37
    416: 104
    417: 104
    418: 9
    419: 26
    420: 90
    421: 130
    422: 134
    423: 150
    424: 160
    425: 161
    426: 37
    427: 104
    428: 104
    429: 9
    430: 26
    431: 90
    432: 130
    433: 134
    434: 150
    435: 160
    436: 161
    437: 37
    438: 104
    439: 204
    440: 140
    441: 219
    442: 183
    443: 252
    444: 173
    445: 157
    446: 35
    447: 181
    448: 233
    449: 175
    450: 71
    451: 94
    452: 186
    453: 252
    454: 208
    455: 152
    456: 212
    457: 11
    458: 79
    459: 45
    460: 123
    461: 120
    462: 213
    463: 242
    464: 49
    465: 169
    466: 103
    467: 231
    468: 30
    469: 223
    470: 185
    471: 98
    472: 226
    473: 235
    474: 240
    475: 224
    476: 229
    477: 43
    478: 203
    479: 151
    480: 174
    481: 31
    482: 83
    483: 219
    484: 253
    485: 231
    486: 19
    487: 99
    488: 106
    489: 139
    490: 190
    491: 31
    492: 126
    493: 191
    494: 122
    495: 60
    496: 48
    497: 251
    498: 240
    499: 157
    500: 180
    501: 180
    502: 236
    503: 181
    504: 109
    505: 35
    506: 245
    507: 202
    508: 224
    509: 31
    510: 207
    511: 140
    512: 101
    513: 219
    514: 198
    515: 115
    516: 99
    517: 114
    518: 107
    519: 198
    520: 228
    521: 222
    522: 30
    523: 247
    524: 144
    525: 127
    526: 91
    527: 122
    528: 116
    529: 137
    530: 103
    531: 60
    532: 104
    533: 104
    534: 9
    535: 26
    536: 90
    537: 130
    538: 134
    539: 150
    540: 160
    541: 161
    542: 37
    543: 104
    544: 104
    545: 9
    546: 26
    547: 90
    548: 130
    549: 134
    550: 150
    551: 160
    552: 161
    553: 37
    554: 104
    555: 104
    556: 9
    557: 26
    558: 90
    559: 130
    560: 134
    561: 150
    562: 160
    563: 161
    564: 37
    565: 104
    566: 104
    567: 9
    568: 26
    569: 90
    570: 130
    571: 134
    572: 150
    573: 160
    574: 161
    575: 37
    576: 104
    577: 104
    578: 9
    579: 26
    580: 119
    581: 242
    582: 141
    583: 250
    584: 87
    585: 47
    586: 175
    587: 29
    588: 169
    589: 67
    590: 231
    591: 151
    592: 158
    593: 184
    594: 244
    595: 216
    596: 152
    597: 212
    598: 150
    599: 117
    600: 107
    601: 119
    602: 109
    603: 220
    604: 48
    605: 38
    606: 245
    607: 237
    608: 133
    609: 159
    610: 119
    611: 159
    612: 253
    613: 108
    614: 76
    615: 106
    616: 246
    617: 226
    618: 220
    619: 129
    620: 227
    621: 167
    622: 198
    623: 212
    624: 54
    625: 159
    626: 91
    627: 57
    628: 166
    629: 118
    630: 114
    631: 255
    632: 158
    633: 197
    634: 45
    635: 156
    636: 189
    637: 122
    638: 92
    639: 250
    640: 229
    641: 156
    642: 125
    643: 9
    644: 26
    645: 90
    646: 130
    647: 134
    648: 150
    649: 160
    650: 161
    651: 37
    652: 104
    653: 104
    654: 9
    655: 26
    656: 90
    657: 130
    658: 134
    659: 150
    660: 160
    661: 161
    662: 37
    663: 104
    664: 104
    665: 9
    666: 26
    667: 90
    668: 130
    669: 134
    670: 150
    671: 160
    672: 161
    673: 37
    674: 104
    675: 104
    676: 9
    677: 26
    678: 90
    679: 130
    680: 134
    681: 150
    682: 160
    683: 161
    684: 37
    685: 104
    686: 104
    687: 9
    688: 26
    689: 90
    690: 130
    691: 134
    692: 150
    693: 160
    694: 161
    695: 37
    696: 104
    697: 104
    698: 9
    699: 26
    700: 90
    701: 130
    702: 134
    703: 150
    704: 160
    705: 161
    706: 37
    707: 104
    708: 104
    709: 9
    710: 26
    711: 90
    712: 130
    713: 134
    714: 150
    715: 160
    716: 161
    717: 37
    718: 104
    719: 104
    720: 9
    721: 26
    722: 90
    723: 130
    724: 134
    725: 150
    726: 160
    727: 161
    728: 37
    729: 104
    730: 104
    731: 9
    732: 26
    733: 90
    734: 130
    735: 134
    736: 150
    737: 160
    738: 161
    739: 37
    740: 104
    741: 104
    742: 9
    743: 26
    744: 90
    745: 130
    746: 134
    747: 150
    748: 160
    749: 161
    750: 37
    751: 104
    752: 104
    753: 9
    754: 26
    755: 90
    756: 130
    757: 134
    758: 150
    759: 160
    760: 161
    761: 37
    762: 104
    763: 104
    764: 9
    765: 26
    766: 90
    767: 130
    768: 134
    769: 150
    770: 160
    771: 161
    772: 37
    773: 104
    774: 104
    775: 9
    776: 26
    777: 90
    778: 130
    779: 134
    780: 150
    781: 160
    782: 161
    783: 37
    784: 104
    785: 104
    786: 9
    787: 26
    788: 90
    789: 130
    790: 134
    791: 150
    792: 160
    793: 161
    794: 37
    795: 104
    796: 104
    797: 9
    798: 26
    799: 90
    800: 130
    801: 134
    802: 150
    803: 160
    804: 161
    805: 37
    806: 104
    807: 104
    808: 9
    809: 26
    810: 51
    811: 131
    812: 255
    813: 141
    814: 249
    815: 171
    816: 63
    817: 238
    818: 89
    819: 246
    820: 37
    821: 104
    822: 104
    823: 9
    824: 26
    825: 90
    826: 130
    827: 134
    828: 150
    829: 160
    830: 161
    831: 37
    832: 104
    833: 104
    834: 9
    835: 26
    836: 90
    837: 130
    838: 134
    839: 150
    840: 160
    841: 161
    842: 37
    843: 104
    844: 104
    845: 9
    846: 26
    847: 90
    848: 130
    849: 134
    850: 150
    851: 160
    852: 161
    853: 37
    854: 104
    855: 104
    856: 9
    857: 26
    858: 90
    859: 130
    860: 134
    861: 150
    862: 160
    863: 161
    864: 37
    865: 104
    866: 104
    867: 9
    868: 26
    869: 90
    870: 130
    871: 134
    872: 150
    873: 160
    874: 161
    875: 37
    876: 104
    877: 104
    878: 9
    879: 26
    880: 90
    881: 130
    882: 134
    883: 150
    884: 160
    885: 161
    886: 37
    887: 104
    888: 104
    889: 9
    890: 26
    891: 90
    892: 130
    893: 134
    894: 150
    895: 160
    896: 161
    897: 37
    898: 104
    899: 104
    900: 9
    901: 26
    902: 90
    903: 130
    904: 134
    905: 150
    906: 160
    907: 161
    908: 37
    909: 104
    910: 104
    911: 9
    912: 26
    913: 90
    914: 130
    915: 134
    916: 150
    917: 160
    918: 161
    919: 37
    920: 104
    921: 104
    922: 9
    923: 26
    924: 90
    925: 130
    926: 134
    927: 150
    928: 160
    929: 161
    930: 37
    931: 104
    932: 104
    933: 9
    934: 26
    935: 90
    936: 130
    937: 134
    938: 150
    939: 160
    940: 161
    941: 37
    942: 104
    943: 104
    944: 9
    945: 26
    946: 90
    947: 130
    948: 134
    949: 150
    950: 160
    951: 161
    952: 37
    953: 104
    954: 104
    955: 9
    956: 26
    957: 90
    958: 130
    959: 134
    960: 150
    961: 160
    962: 161
    963: 37
    964: 104
    965: 104
    966: 9
    967: 26
    968: 90
    969: 130
    970: 134
    971: 150
    972: 160
    973: 161
    974: 37
    975: 104
    976: 104
    977: 9
    978: 26
    979: 90
    980: 130
    981: 134
    982: 150
    983: 160
    984: 161
    985: 37
    986: 104
    987: 104
    988: 9
    989: 26
    990: 90
    991: 130
    992: 134
    993: 150
    994: 160
    995: 161
    996: 37
    997: 104
    998: 104
    999: 9
    1000: 26
    1001: 90
    1002: 130
    1003: 134
    1004: 150
    1005: 160
    1006: 161
    1007: 37
    1008: 104
    1009: 104
    1010: 9
    1011: 26
    1012: 90
    1013: 130
    1014: 134
    1015: 150
    1016: 160
    1017: 161
    1018: 37
    1019: 104
    1020: 104
    1021: 9
    1022: 26
    1023: 90
    1024: 130
    1025: 134
    1026: 150
    1027: 160
    1028: 161
    1029: 37
    1030: 104
    1031: 104
    1032: 9
    1033: 26
    1034: 90
    1035: 130
    1036: 134
    1037: 150
    1038: 160
    1039: 161
    1040: 37
    1041: 104
    1042: 104
    1043: 9
    1044: 26
    1045: 90
    1046: 130
    1047: 134
    1048: 150
    1049: 160
    1050: 161
    1051: 37
    1052: 104
    1053: 104
    1054: 9
    1055: 26
    1056: 90
    1057: 130
    1058: 134
    1059: 150
    1060: 160
    1061: 161
    1062: 37
    1063: 104
    1064: 104
    1065: 9
    1066: 26
    1067: 90
    1068: 130
    1069: 134
    1070: 150
    1071: 160
    1072: 161
    1073: 37
    1074: 104
    1075: 104
    1076: 9
    1077: 26
    1078: 90
    1079: 130
    1080: 134
    1081: 150
    1082: 160
    1083: 161
    1084: 37
    1085: 104
    1086: 104
    1087: 9
    1088: 26
    1089: 90
    1090: 130
    1091: 134
    1092: 150
    1093: 160
    1094: 161
    1095: 37
    1096: 104
    1097: 204
    1098: 92
    1099: 251
    1100: 123
    1101: 111
    1102: 197
    1103: 167
    1104: 215
    1105: 78
    1106: 246
    1107: 158
    1108: 217
    1109: 58
    1110: 128
    1111: 69
    1112: 216
    1113: 113
    1114: 116
    1115: 246
    1116: 198
    1117: 249
    1118: 155
    1119: 251
    1120: 126
    1121: 155
    1122: 57
    1123: 118
    1124: 100
    1125: 245
    1126: 141
    1127: 121
    1128: 211
    1129: 246
    1130: 211
    1131: 3
    1132: 88
    1133: 180
    1134: 133
    1135: 249
    1136: 220
    1137: 55
    1138: 63
    1139: 63
    1140: 127
    1141: 99
    1142: 208
    1143: 18
    1144: 220
    1145: 150
    1146: 133
    1147: 45
    1148: 121
    1149: 95
    1150: 130
    1151: 198
    1152: 204
    1153: 77
    1154: 243
    1155: 199
    1156: 7
    1157: 159
    1158: 30
    1159: 192
    1160: 34
    1161: 188
    1162: 241
    1163: 206
    1164: 143
    1165: 11
    1166: 199
    1167: 191
    1168: 1
    1169: 0
    1170: 0
    1171: 255
    1172: 255
    1173: 187
    1174: 153
    1175: 207
    1176: 245
    1177: 0
    1178: 0
    1179: 0
    1180: 6
    1181: 73
    1182: 68
    1183: 65
    1184: 84
    1185: 3
    1186: 0
    1187: 222
    1188: 3
    1189: 120
    1190: 51
    1191: 42
    1192: 153
    1193: 137
    1194: 117
    1195: 0
    1196: 0
    1197: 0
    1198: 0
    1199: 73
    1200: 69
    1201: 78
    1202: 68
    1203: 174
    1204: 66
    1205: 96
    1206: 130
  operator: 'deepStrictEqual'
  stack: |-
    TestContext.<anonymous> (file:///private/tmp/ppte8/dist/tests/audit-followup-r03.test.js:63:24)
    async Test.run (node:internal/test_runner/test:1054:7)
    async Test.processPendingSubtests (node:internal/test_runner/test:744:7)
  ...
# Subtest: R03 cover right-bottom: browser preview, no-op bytes/history, actual move/download/fresh reopen
ok 5 - R03 cover right-bottom: browser preview, no-op bytes/history, actual move/download/fresh reopen
  ---
  duration_ms: 4360.69925
  type: 'test'
  ...
# Subtest: R03 cover edge-lengths: browser preview, no-op bytes/history, actual move/download/fresh reopen
ok 6 - R03 cover edge-lengths: browser preview, no-op bytes/history, actual move/download/fresh reopen
  ---
  duration_ms: 3952.194917
  type: 'test'
  ...
# Subtest: R03 cover calc: browser preview, no-op bytes/history, actual move/download/fresh reopen
not ok 7 - R03 cover calc: browser preview, no-op bytes/history, actual move/download/fresh reopen
  ---
  duration_ms: 4297.327834
  type: 'test'
  location: '/private/tmp/ppte8/dist/tests/audit-followup-r03.test.js:44:9'
  failureType: 'testCodeFailure'
  error: 'reopened oy: 0 vs 7.466666666666667'
  code: 'ERR_ASSERTION'
  name: 'AssertionError'
  expected: true
  actual: false
  operator: '=='
  stack: |-
    near (file:///private/tmp/ppte8/dist/tests/audit-followup-r03.test.js:41:37)
    TestContext.<anonymous> (file:///private/tmp/ppte8/dist/tests/audit-followup-r03.test.js:103:25)
    async Test.run (node:internal/test_runner/test:1054:7)
    async Test.processPendingSubtests (node:internal/test_runner/test:744:7)
  ...
# Subtest: R03 cover math: browser preview, no-op bytes/history, actual move/download/fresh reopen
not ok 8 - R03 cover math: browser preview, no-op bytes/history, actual move/download/fresh reopen
  ---
  duration_ms: 1954.932917
  type: 'test'
  location: '/private/tmp/ppte8/dist/tests/audit-followup-r03.test.js:44:9'
  failureType: 'testCodeFailure'
  error: |-
    no-op rendered image pixels unchanged
    + actual - expected
    ... Skipped lines
    
      Buffer(1152) [Uint8Array] [
        137,
        80,
        78,
        71,
    ...
        137,
    +   238,
    +   96,
    -   46,
    -   88,
        217,
        29,
        26,
        106,
        20,
    ...
        105,
    +   49,
    +   104,
    +   17,
    -   113,
    -   105,
    -   16,
        163,
        33,
        23,
        241,
        239,
    ...
        133,
    +   100,
    -   97,
        247,
        86,
        94,
    +   180,
    +   155,
    -   186,
    -   169,
        249,
        70,
        169,
        151,
        203,
    ...
        213,
    +   143,
    +   247,
    -   79,
    -   246,
        158,
        27,
        143,
        225,
    +   211,
    -   179,
        213,
        93,
        99,
        106,
        159,
    +   44,
    -   46,
        188,
        49,
        166,
        246,
        249,
    ...
        169,
    +   181,
    +   177,
    +   237,
    +   179,
    -   187,
    -   99,
    -   219,
    -   217,
        213,
        231,
        199,
        212,
        158,
    ...
        235,
    +   107,
    +   203,
    +   99,
    +   82,
    +   135,
    +   174,
    +   221,
    +   60,
    +   114,
    +   101,
    +   105,
    +   76,
    +   234,
    +   206,
    -   119,
    -   150,
    -   199,
    -   164,
    -   14,
    -   93,
    -   187,
    -   121,
    -   228,
    -   202,
    -   210,
    -   152,
    -   212,
    -   218,
        124,
        251,
        177,
        149,
        125,
    ...
        121,
    +   239,
    +   131,
    -   255,
    -   195,
        81,
        56,
    +   113,
    +   119,
    +   231,
    +   152,
    +   218,
    -   177,
    -   182,
        115,
    +   7,
    +   246,
    +   140,
    +   169,
    +   45,
    +   236,
    +   122,
    -   76,
    -   237,
    -   185,
    -   3,
    -   123,
    -   198,
    -   212,
    -   22,
    -   118,
    -   189,
    -   254,
    -   203,
        253,
    +   151,
    +   251,
    +   119,
    +   199,
    +   164,
    +   94,
    +   60,
    +   176,
    +   186,
    +   231,
    +   229,
    +   95,
    +   199,
    +   164,
    -   181,
    -   49,
    -   169,
    -   23,
    -   15,
    -   172,
        238,
    +   205,
    +   199,
    +   137,
    +   223,
    +   158,
    +   194,
    +   149,
    +   248,
    +   227,
    +   246,
    -   121,
    -   249,
    -   215,
    -   49,
    -   169,
    -   123,
    -   243,
    -   113,
    -   226,
    -   247,
    -   167,
    -   112,
    -   37,
    -   254,
    -   184,
    -   253,
    -   219,
        157,
    +   181,
        31,
        126,
        218,
        244,
        240,
    ...
        122,
    +   103,
    -   119,
        20,
    +   222,
    +   31,
    -   62,
    -   24,
        252,
        229,
        205,
        177,
        123,
    ...
        37,
    +   126,
    +   191,
    +   185,
    +   242,
    +   207,
    +   150,
    +   188,
    +   227,
    +   65,
    +   67,
    -   238,
    -   222,
    -   92,
    -   249,
    -   103,
        75,
    +   208,
    +   208,
    +   18,
    +   52,
    +   180,
    +   4,
    +   13,
    +   45,
    +   65,
    +   67,
    +   75,
    +   208,
    +   208,
    +   18,
    +   52,
    +   180,
    +   4,
    +   13,
    +   45,
    +   65,
    +   67,
    +   75,
    +   208,
    +   208,
    +   18,
    +   52,
    +   180,
    +   4,
    +   13,
    +   45,
    +   65,
    +   67,
    +   75,
    +   208,
    +   208,
    +   18,
    +   52,
    +   180,
    +   4,
    +   13,
    +   45,
    +   65,
    +   67,
    +   75,
    +   208,
    +   120,
    +   248,
    +   143,
    +   250,
    +   55,
    +   175,
    +   189,
    +   50,
    +   10,
    +   71,
    +   151,
    +   247,
    +   143,
    +   169,
    +   93,
    +   62,
    +   115,
    +   114,
    +   76,
    +   109,
    -   222,
        241,
    +   198,
    +   197,
    +   235,
    +   107,
    +   203,
    +   99,
    +   82,
    +   135,
    +   174,
    +   221,
    +   60,
    +   114,
    +   101,
    +   105,
    +   76,
    +   234,
    +   206,
    +   124,
    +   251,
    +   177,
    +   149,
    +   125,
    +   99,
    +   106,
    +   255,
    +   207,
    +   74,
    +   56,
    +   151,
        160,
        161,
        37,
        104,
        104,
    ...
        104,
    +   104,
    +   9,
    +   26,
    +   90,
    +   130,
    +   134,
    +   150,
    +   160,
    +   161,
    +   37,
    +   104,
    +   104,
    +   9,
    +   26,
    +   90,
    +   130,
    +   134,
    +   150,
    +   160,
    +   161,
    +   37,
    +   104,
    +   104,
    +   9,
    +   26,
    +   90,
    +   130,
    +   134,
    +   150,
    +   160,
    +   161,
    +   37,
    +   104,
    +   104,
    +   9,
    +   26,
    +   90,
    +   130,
    +   134,
    +   150,
    +   160,
    +   161,
    +   37,
    +   104,
    +   104,
    +   9,
    +   26,
    +   90,
    +   130,
    +   134,
    +   150,
    +   160,
    +   161,
    +   37,
    +   104,
    +   104,
    +   9,
    +   26,
    +   90,
    +   130,
    +   134,
    +   150,
    +   160,
    +   161,
    +   37,
    +   104,
    +   104,
    +   9,
    +   26,
    +   90,
    +   130,
    +   134,
    +   150,
    +   160,
    +   161,
    +   37,
    +   104,
    +   104,
    +   9,
    +   26,
    +   90,
    +   130,
    +   134,
    +   150,
    +   160,
    +   161,
    +   37,
    +   104,
    +   104,
    +   9,
    +   26,
    +   90,
    +   130,
    +   134,
    +   150,
    +   160,
    +   161,
    +   37,
    +   104,
    +   104,
    +   9,
    +   26,
    +   90,
    +   130,
    +   134,
    +   150,
    +   160,
    +   161,
    +   37,
    +   104,
    +   104,
    +   9,
    +   26,
    +   90,
    +   130,
    +   134,
    +   150,
    +   160,
    +   161,
    +   37,
    +   104,
    +   104,
    +   9,
    +   26,
    +   90,
    +   130,
    +   134,
    +   150,
    +   160,
    +   161,
    +   37,
    +   104,
    +   104,
    +   9,
    +   26,
    +   90,
    +   130,
    +   134,
    +   150,
    +   160,
    +   161,
    +   37,
    +   104,
    +   104,
    +   9,
    +   26,
    +   90,
    +   130,
    +   134,
    +   150,
    +   160,
    +   161,
    +   37,
    +   104,
    +   104,
    +   9,
    +   26,
    +   90,
    +   130,
    +   134,
    +   150,
    +   160,
    +   161,
    +   37,
    +   104,
    +   104,
    +   9,
    +   26,
    +   90,
    +   130,
    +   134,
    +   150,
    +   160,
    +   161,
    +   37,
    +   104,
    +   104,
    +   9,
    +   26,
    +   90,
    +   130,
    +   134,
    +   150,
    +   160,
    +   161,
    +   37,
    +   104,
    +   104,
    +   9,
    +   26,
    +   90,
    +   130,
    +   134,
    +   150,
    +   160,
    +   161,
    +   37,
    +   104,
    +   104,
    +   9,
    +   26,
    +   90,
    +   130,
    +   134,
    +   150,
    +   160,
    +   161,
    +   37,
    +   104,
    +   104,
    +   9,
    +   26,
    +   90,
    +   130,
    +   134,
    +   150,
    +   160,
    +   161,
    +   37,
    +   104,
    +   104,
    +   9,
    +   26,
    +   90,
    +   130,
    +   134,
    +   150,
    +   160,
    +   161,
    +   37,
    +   104,
    +   104,
    +   9,
    +   26,
    +   90,
    +   130,
    +   134,
    +   150,
    +   160,
    +   161,
    +   37,
    +   104,
    +   104,
    +   9,
    +   26,
    +   90,
    +   130,
    +   134,
    +   150,
    +   160,
    +   161,
    +   37,
    +   104,
    +   104,
    +   9,
    +   26,
    +   90,
    +   130,
    +   134,
    +   150,
    +   160,
    +   161,
    +   37,
    +   104,
    +   104,
    +   9,
    +   26,
    +   90,
    +   130,
    +   134,
    +   150,
    +   160,
    +   161,
    +   37,
    +   104,
    +   104,
    +   9,
    +   26,
    +   90,
    +   130,
    +   134,
    +   150,
    +   160,
    +   161,
    +   37,
    +   104,
    +   104,
    +   9,
    +   26,
    +   90,
    +   130,
    +   134,
    +   150,
    +   160,
    +   161,
    +   37,
    +   104,
    +   104,
    +   9,
    +   26,
    +   90,
    +   130,
    +   134,
    +   150,
    +   160,
    +   161,
    +   37,
    +   104,
    +   104,
    +   9,
    +   26,
    +   90,
    +   130,
    +   134,
    +   150,
    +   160,
    +   161,
    +   37,
    +   104,
    +   104,
    +   9,
    +   26,
    +   90,
    +   130,
    +   134,
    +   150,
    +   160,
    +   161,
    +   37,
    +   104,
    +   104,
    +   9,
    +   26,
    +   90,
    +   130,
    +   134,
    +   150,
    +   160,
    +   161,
    +   37,
    +   104,
    +   104,
    +   9,
    +   26,
    +   90,
    +   130,
    +   134,
    +   150,
    +   160,
    +   161,
    +   37,
    +   104,
    +   104,
    +   9,
    +   26,
    +   90,
    +   130,
    +   134,
    +   150,
    +   160,
    +   161,
    +   37,
    +   104,
    +   104,
    +   9,
    +   26,
    +   90,
    +   130,
    +   134,
    +   150,
    +   160,
    +   161,
    +   37,
    +   104,
    +   104,
    +   9,
    +   26,
    +   90,
    +   130,
    +   134,
    +   150,
    +   160,
    +   161,
    +   37,
    +   104,
    +   104,
    +   9,
    +   26,
    +   90,
    +   130,
    +   134,
    +   150,
    +   160,
    +   161,
    +   37,
    +   104,
    +   104,
    +   9,
    +   26,
    +   179,
    +   7,
    +   151,
    +   143,
    +   246,
    +   126,
    +   245,
    +   224,
    +   230,
    +   212,
    +   210,
    +   194,
    +   0,
    +   182,
    +   96,
    +   241,
    +   194,
    +   142,
    +   245,
    -   60,
    -   252,
    -   71,
    -   253,
    -   155,
    -   215,
    -   94,
    -   25,
    -   133,
    -   163,
    -   203,
        251,
    +   119,
    +   79,
    +   175,
    +   204,
    -   199,
    -   212,
        46,
    +   157,
    +   63,
    +   184,
    +   62,
    +   31,
    +   62,
    +   126,
    +   117,
    +   0,
    +   91,
    +   182,
    +   49,
        159,
    -   57,
    -   57,
    -   166,
    -   182,
    -   120,
    -   227,
    -   226,
    -   245,
    -   59,
    -   203,
    -   99,
    -   82,
    -   135,
    -   174,
    -   221,
    -   60,
    -   114,
    -   101,
    -   105,
    -   76,
    -   106,
        109,
    +   243,
    +   249,
    +   124,
    +   125,
    -   190,
    -   253,
    -   216,
    -   202,
    -   190,
    -   49,
    -   181,
    -   255,
    -   103,
    -   37,
    -   156,
    -   75,
        208,
    -   208,
        18,
    +   252,
    +   43,
    +   27,
    +   91,
    +   242,
    +   189,
    -   52,
    -   180,
        4,
    -   13,
    -   45,
    -   65,
    -   67,
    -   75,
    -   208,
    -   208,
    -   18,
    -   52,
    -   180,
    -   4,
    -   13,
    -   45,
    -   65,
    -   67,
    -   75,
    -   208,
    -   208,
    -   18,
    -   52,
    -   180,
    -   4,
    -   13,
    -   45,
    -   65,
    -   67,
    -   75,
    -   208,
    -   208,
    -   18,
    -   52,
    -   180,
    -   4,
    -   13,
    -   45,
    -   65,
    -   67,
    -   75,
    -   208,
    -   208,
    -   18,
    -   52,
    -   180,
    -   4,
    -   13,
    -   45,
    -   65,
    -   67,
    -   75,
    -   208,
    -   208,
    -   18,
    -   52,
    -   180,
    -   4,
    -   13,
    -   45,
    -   65,
    -   67,
    -   75,
    -   208,
    -   208,
    -   18,
    -   52,
    -   180,
    -   4,
    -   13,
    -   45,
    -   65,
    -   67,
    -   75,
    -   208,
    -   208,
    -   18,
    -   52,
    -   180,
    -   4,
    -   13,
    -   45,
    -   65,
    -   67,
    -   75,
    -   208,
    -   208,
    -   18,
    -   52,
    -   180,
    -   4,
    -   13,
    -   45,
    -   65,
    -   67,
    -   75,
    -   208,
    -   208,
    -   18,
    -   52,
    -   180,
    -   4,
    -   13,
    -   45,
    -   65,
    -   67,
    -   75,
    -   208,
    -   208,
    -   18,
    -   52,
    -   180,
    -   4,
    -   13,
    -   45,
    -   65,
    -   67,
    -   75,
    -   208,
    -   208,
    -   18,
    -   52,
    -   180,
    -   4,
    -   13,
    -   45,
    -   65,
    -   67,
    -   75,
    -   208,
    -   208,
    -   18,
    -   52,
    -   180,
    -   4,
    -   13,
    -   45,
    -   65,
    -   67,
    -   75,
    -   208,
    -   208,
    -   18,
    -   52,
    -   180,
    -   4,
    -   13,
    -   45,
    -   65,
    -   67,
    -   75,
    -   208,
    -   208,
    -   18,
    -   52,
    -   180,
    -   4,
    -   13,
    -   45,
    -   65,
    -   67,
    -   75,
    -   208,
    -   208,
    -   18,
    -   52,
    -   180,
    -   4,
    -   13,
    -   45,
    -   65,
    -   67,
    -   75,
    -   208,
    -   208,
    -   18,
    -   52,
    -   180,
    -   4,
    -   13,
    -   45,
    -   65,
    -   67,
    -   75,
    -   208,
    -   208,
    -   18,
    -   52,
    -   180,
    -   4,
    -   13,
    -   45,
    -   65,
    -   67,
    -   75,
    -   208,
    -   208,
    -   18,
    -   52,
    -   180,
    -   4,
    -   13,
    -   45,
    -   65,
    -   67,
    -   75,
    -   208,
    -   208,
    -   18,
    -   52,
    -   180,
    -   4,
    -   13,
    -   45,
    -   65,
    -   67,
    -   75,
    -   208,
    -   208,
    -   18,
    -   52,
    -   180,
    -   4,
    -   13,
    -   45,
    -   65,
    -   67,
    -   75,
    -   208,
    -   208,
    -   18,
    -   52,
    -   180,
    -   4,
    -   13,
    -   45,
    -   65,
    -   67,
    -   75,
    -   208,
    -   208,
    -   18,
    -   52,
    -   180,
    -   4,
    -   13,
    -   45,
    -   65,
    -   67,
    -   75,
    -   208,
    -   208,
    -   18,
    -   52,
    -   180,
    -   4,
    -   13,
    -   45,
    -   65,
    -   67,
    -   75,
    -   208,
    -   208,
    -   18,
    -   52,
    -   180,
    -   4,
    -   13,
    -   45,
    -   65,
    -   67,
    -   75,
    -   208,
    -   208,
    -   18,
    -   52,
    -   180,
    -   4,
    -   13,
    -   45,
    -   65,
    -   67,
    -   75,
    -   208,
    -   208,
    -   18,
    -   52,
    -   180,
    -   4,
    -   13,
    -   45,
    -   65,
    -   67,
    -   75,
    -   208,
    -   208,
    -   18,
    -   52,
    -   180,
    -   4,
    -   13,
    -   45,
    -   65,
    -   67,
    -   75,
    -   208,
    -   208,
    -   18,
    -   52,
    -   180,
    -   4,
    -   13,
    -   45,
    -   65,
    -   67,
    -   75,
    -   208,
    -   208,
    -   18,
    -   52,
    -   180,
    -   4,
    -   13,
    -   45,
    -   65,
    -   67,
    -   75,
    -   208,
    -   208,
    -   18,
    -   52,
    -   180,
    -   4,
    -   13,
    -   45,
    -   65,
    -   67,
    -   75,
    -   208,
    -   208,
    -   18,
    -   52,
    -   180,
    -   4,
    -   13,
    -   45,
    -   65,
    -   67,
    -   75,
    -   208,
    -   208,
    -   18,
    -   52,
    -   180,
    -   4,
    -   13,
    -   45,
    -   65,
    -   67,
    -   75,
    -   208,
    -   208,
    -   18,
    -   52,
    -   180,
    -   4,
    -   13,
    -   45,
    -   65,
    -   67,
    -   75,
    -   208,
    -   208,
    -   18,
    -   52,
    -   180,
    -   4,
    -   13,
    -   45,
    -   65,
    -   67,
    -   75,
    -   208,
    -   208,
    -   18,
    -   52,
    -   180,
    -   4,
    -   13,
    -   45,
    -   65,
    -   67,
    -   75,
    -   208,
    -   208,
    -   18,
    -   52,
    -   180,
    -   4,
    -   13,
    -   45,
    -   65,
    -   67,
    -   75,
    -   208,
    -   208,
    -   18,
    -   52,
    -   180,
    -   4,
    -   13,
    -   45,
    -   65,
    -   67,
    -   75,
    -   208,
    -   208,
    -   18,
    -   52,
    -   180,
    -   4,
    -   13,
    -   45,
    -   65,
    -   67,
    -   75,
    -   208,
    -   208,
    -   18,
    -   52,
    -   180,
    -   4,
    -   13,
    -   45,
    -   65,
    -   67,
    -   75,
    -   208,
    -   208,
    -   18,
    -   52,
    -   180,
    -   4,
        141,
        217,
    +   166,
    +   249,
    -   131,
        203,
    +   179,
    +   47,
    +   12,
    +   96,
    +   11,
    +   142,
    +   125,
    +   248,
    -   199,
    -   123,
    -   191,
    -   122,
    -   112,
    -   115,
    -   106,
    -   105,
    -   97,
    -   0,
    -   91,
    -   176,
    -   120,
    -   97,
    -   199,
    -   250,
    -   253,
    -   123,
    -   167,
    -   87,
    -   102,
    -   151,
    -   206,
    -   31,
    -   92,
    -   159,
    -   15,
    -   31,
    -   191,
    -   58,
    -   128,
    -   45,
    -   219,
    -   152,
    -   207,
    -   182,
    -   249,
    -   124,
    -   190,
    -   62,
    -   104,
    -   9,
    -   254,
    -   149,
    -   141,
    -   45,
    -   249,
    -   94,
    -   130,
    -   198,
    -   108,
    -   211,
    -   252,
    -   229,
    -   217,
    -   23,
    -   6,
    -   176,
    -   5,
    -   239,
    -   124,
    -   244,
        221,
        198,
        241,
        79,
        0,
    ...
        255,
    +   30,
    +   31,
    +   131,
    +   48,
    -   143,
    -   117,
    -   17,
    -   179,
        0,
        0,
        0,
        6,
        73,
    ...
        122,
    +   26,
    -   38,
        125,
        183,
    +   108,
    +   197,
    +   44,
    +   164,
    -   65,
    -   180,
    -   48,
    -   80,
        0,
        0,
        0,
        0,
        73,
    
  code: 'ERR_ASSERTION'
  name: 'AssertionError'
  expected:
    0: 137
    1: 80
    2: 78
    3: 71
    4: 13
    5: 10
    6: 26
    7: 10
    8: 0
    9: 0
    10: 0
    11: 13
    12: 73
    13: 72
    14: 68
    15: 82
    16: 0
    17: 0
    18: 1
    19: 25
    20: 0
    21: 0
    22: 0
    23: 244
    24: 8
    25: 2
    26: 0
    27: 0
    28: 0
    29: 32
    30: 223
    31: 197
    32: 168
    33: 0
    34: 0
    35: 4
    36: 53
    37: 73
    38: 68
    39: 65
    40: 84
    41: 120
    42: 156
    43: 236
    44: 219
    45: 177
    46: 171
    47: 86
    48: 101
    49: 28
    50: 192
    51: 241
    52: 71
    53: 121
    54: 151
    55: 192
    56: 193
    57: 37
    58: 17
    59: 196
    60: 18
    61: 17
    62: 156
    63: 154
    64: 106
    65: 105
    66: 55
    67: 104
    68: 140
    69: 68
    70: 137
    71: 46
    72: 88
    73: 217
    74: 29
    75: 26
    76: 106
    77: 20
    78: 193
    79: 201
    80: 169
    81: 108
    82: 105
    83: 113
    84: 105
    85: 16
    86: 163
    87: 33
    88: 23
    89: 241
    90: 239
    91: 104
    92: 49
    93: 112
    94: 21
    95: 151
    96: 236
    97: 10
    98: 133
    99: 97
    100: 247
    101: 86
    102: 94
    103: 186
    104: 169
    105: 249
    106: 70
    107: 169
    108: 151
    109: 203
    110: 109
    111: 185
    112: 229
    113: 215
    114: 14
    115: 232
    116: 231
    117: 179
    118: 156
    119: 243
    120: 59
    121: 243
    122: 239
    123: 203
    124: 115
    125: 206
    126: 112
    127: 102
    128: 243
    129: 249
    130: 124
    131: 60
    132: 114
    133: 248
    134: 248
    135: 213
    136: 79
    137: 246
    138: 158
    139: 27
    140: 143
    141: 225
    142: 179
    143: 213
    144: 93
    145: 99
    146: 106
    147: 159
    148: 46
    149: 188
    150: 49
    151: 166
    152: 246
    153: 249
    154: 173
    155: 175
    156: 127
    157: 188
    158: 183
    159: 58
    160: 38
    161: 245
    162: 210
    163: 247
    164: 63
    165: 191
    166: 250
    167: 237
    168: 173
    169: 49
    170: 169
    171: 187
    172: 99
    173: 219
    174: 217
    175: 213
    176: 231
    177: 199
    178: 212
    179: 158
    180: 208
    181: 74
    182: 28
    183: 63
    184: 123
    185: 255
    186: 210
    187: 249
    188: 131
    189: 235
    190: 227
    191: 182
    192: 77
    193: 45
    194: 13
    195: 96
    196: 203
    197: 54
    198: 182
    199: 180
    200: 125
    201: 0
    202: 133
    203: 217
    204: 166
    205: 249
    206: 212
    207: 210
    208: 194
    209: 120
    210: 12
    211: 71
    212: 151
    213: 247
    214: 143
    215: 169
    216: 93
    217: 62
    218: 115
    219: 114
    220: 76
    221: 109
    222: 241
    223: 198
    224: 197
    225: 235
    226: 119
    227: 150
    228: 199
    229: 164
    230: 14
    231: 93
    232: 187
    233: 121
    234: 228
    235: 202
    236: 210
    237: 152
    238: 212
    239: 218
    240: 124
    241: 251
    242: 177
    243: 149
    244: 125
    245: 99
    246: 106
    247: 79
    248: 104
    249: 37
    250: 22
    251: 47
    252: 236
    253: 216
    254: 56
    255: 206
    256: 188
    257: 215
    258: 193
    259: 127
    260: 182
    261: 49
    262: 159
    263: 135
    264: 231
    265: 210
    266: 99
    267: 30
    268: 71
    269: 240
    270: 12
    271: 58
    272: 247
    273: 246
    274: 237
    275: 241
    276: 232
    277: 116
    278: 250
    279: 226
    280: 244
    281: 78
    282: 223
    283: 75
    284: 208
    285: 208
    286: 18
    287: 52
    288: 180
    289: 4
    290: 13
    291: 45
    292: 65
    293: 67
    294: 75
    295: 208
    296: 208
    297: 18
    298: 52
    299: 180
    300: 4
    301: 13
    302: 45
    303: 65
    304: 67
    305: 75
    306: 208
    307: 208
    308: 18
    309: 52
    310: 180
    311: 4
    312: 13
    313: 45
    314: 65
    315: 67
    316: 75
    317: 208
    318: 208
    319: 18
    320: 52
    321: 180
    322: 4
    323: 13
    324: 45
    325: 65
    326: 67
    327: 75
    328: 208
    329: 208
    330: 18
    331: 52
    332: 180
    333: 4
    334: 13
    335: 45
    336: 65
    337: 67
    338: 75
    339: 208
    340: 208
    341: 18
    342: 52
    343: 180
    344: 4
    345: 13
    346: 45
    347: 65
    348: 67
    349: 75
    350: 208
    351: 208
    352: 18
    353: 52
    354: 180
    355: 4
    356: 13
    357: 45
    358: 65
    359: 67
    360: 75
    361: 208
    362: 208
    363: 18
    364: 52
    365: 180
    366: 4
    367: 13
    368: 45
    369: 65
    370: 67
    371: 75
    372: 208
    373: 208
    374: 18
    375: 52
    376: 180
    377: 4
    378: 13
    379: 45
    380: 65
    381: 67
    382: 75
    383: 208
    384: 208
    385: 18
    386: 52
    387: 180
    388: 4
    389: 13
    390: 45
    391: 65
    392: 67
    393: 75
    394: 208
    395: 208
    396: 18
    397: 52
    398: 180
    399: 4
    400: 13
    401: 45
    402: 65
    403: 67
    404: 75
    405: 208
    406: 208
    407: 18
    408: 52
    409: 180
    410: 4
    411: 13
    412: 45
    413: 65
    414: 67
    415: 75
    416: 208
    417: 152
    418: 61
    419: 184
    420: 236
    421: 121
    422: 255
    423: 195
    424: 81
    425: 56
    426: 177
    427: 182
    428: 115
    429: 76
    430: 237
    431: 185
    432: 3
    433: 123
    434: 198
    435: 212
    436: 22
    437: 118
    438: 189
    439: 254
    440: 203
    441: 253
    442: 181
    443: 49
    444: 169
    445: 23
    446: 15
    447: 172
    448: 238
    449: 121
    450: 249
    451: 215
    452: 49
    453: 169
    454: 123
    455: 243
    456: 113
    457: 226
    458: 247
    459: 167
    460: 112
    461: 37
    462: 254
    463: 184
    464: 253
    465: 219
    466: 157
    467: 31
    468: 126
    469: 218
    470: 244
    471: 240
    472: 97
    473: 75
    474: 187
    475: 223
    476: 122
    477: 119
    478: 20
    479: 62
    480: 24
    481: 252
    482: 229
    483: 205
    484: 177
    485: 123
    486: 240
    487: 183
    488: 167
    489: 114
    490: 37
    491: 238
    492: 222
    493: 92
    494: 249
    495: 103
    496: 75
    497: 222
    498: 241
    499: 160
    500: 161
    501: 37
    502: 104
    503: 104
    504: 9
    505: 26
    506: 90
    507: 130
    508: 134
    509: 150
    510: 160
    511: 161
    512: 37
    513: 104
    514: 104
    515: 9
    516: 26
    517: 90
    518: 130
    519: 134
    520: 150
    521: 160
    522: 161
    523: 37
    524: 104
    525: 104
    526: 9
    527: 26
    528: 90
    529: 130
    530: 134
    531: 150
    532: 160
    533: 161
    534: 37
    535: 104
    536: 104
    537: 9
    538: 26
    539: 90
    540: 130
    541: 134
    542: 150
    543: 160
    544: 161
    545: 37
    546: 104
    547: 60
    548: 252
    549: 71
    550: 253
    551: 155
    552: 215
    553: 94
    554: 25
    555: 133
    556: 163
    557: 203
    558: 251
    559: 199
    560: 212
    561: 46
    562: 159
    563: 57
    564: 57
    565: 166
    566: 182
    567: 120
    568: 227
    569: 226
    570: 245
    571: 59
    572: 203
    573: 99
    574: 82
    575: 135
    576: 174
    577: 221
    578: 60
    579: 114
    580: 101
    581: 105
    582: 76
    583: 106
    584: 109
    585: 190
    586: 253
    587: 216
    588: 202
    589: 190
    590: 49
    591: 181
    592: 255
    593: 103
    594: 37
    595: 156
    596: 75
    597: 208
    598: 208
    599: 18
    600: 52
    601: 180
    602: 4
    603: 13
    604: 45
    605: 65
    606: 67
    607: 75
    608: 208
    609: 208
    610: 18
    611: 52
    612: 180
    613: 4
    614: 13
    615: 45
    616: 65
    617: 67
    618: 75
    619: 208
    620: 208
    621: 18
    622: 52
    623: 180
    624: 4
    625: 13
    626: 45
    627: 65
    628: 67
    629: 75
    630: 208
    631: 208
    632: 18
    633: 52
    634: 180
    635: 4
    636: 13
    637: 45
    638: 65
    639: 67
    640: 75
    641: 208
    642: 208
    643: 18
    644: 52
    645: 180
    646: 4
    647: 13
    648: 45
    649: 65
    650: 67
    651: 75
    652: 208
    653: 208
    654: 18
    655: 52
    656: 180
    657: 4
    658: 13
    659: 45
    660: 65
    661: 67
    662: 75
    663: 208
    664: 208
    665: 18
    666: 52
    667: 180
    668: 4
    669: 13
    670: 45
    671: 65
    672: 67
    673: 75
    674: 208
    675: 208
    676: 18
    677: 52
    678: 180
    679: 4
    680: 13
    681: 45
    682: 65
    683: 67
    684: 75
    685: 208
    686: 208
    687: 18
    688: 52
    689: 180
    690: 4
    691: 13
    692: 45
    693: 65
    694: 67
    695: 75
    696: 208
    697: 208
    698: 18
    699: 52
    700: 180
    701: 4
    702: 13
    703: 45
    704: 65
    705: 67
    706: 75
    707: 208
    708: 208
    709: 18
    710: 52
    711: 180
    712: 4
    713: 13
    714: 45
    715: 65
    716: 67
    717: 75
    718: 208
    719: 208
    720: 18
    721: 52
    722: 180
    723: 4
    724: 13
    725: 45
    726: 65
    727: 67
    728: 75
    729: 208
    730: 208
    731: 18
    732: 52
    733: 180
    734: 4
    735: 13
    736: 45
    737: 65
    738: 67
    739: 75
    740: 208
    741: 208
    742: 18
    743: 52
    744: 180
    745: 4
    746: 13
    747: 45
    748: 65
    749: 67
    750: 75
    751: 208
    752: 208
    753: 18
    754: 52
    755: 180
    756: 4
    757: 13
    758: 45
    759: 65
    760: 67
    761: 75
    762: 208
    763: 208
    764: 18
    765: 52
    766: 180
    767: 4
    768: 13
    769: 45
    770: 65
    771: 67
    772: 75
    773: 208
    774: 208
    775: 18
    776: 52
    777: 180
    778: 4
    779: 13
    780: 45
    781: 65
    782: 67
    783: 75
    784: 208
    785: 208
    786: 18
    787: 52
    788: 180
    789: 4
    790: 13
    791: 45
    792: 65
    793: 67
    794: 75
    795: 208
    796: 208
    797: 18
    798: 52
    799: 180
    800: 4
    801: 13
    802: 45
    803: 65
    804: 67
    805: 75
    806: 208
    807: 208
    808: 18
    809: 52
    810: 180
    811: 4
    812: 13
    813: 45
    814: 65
    815: 67
    816: 75
    817: 208
    818: 208
    819: 18
    820: 52
    821: 180
    822: 4
    823: 13
    824: 45
    825: 65
    826: 67
    827: 75
    828: 208
    829: 208
    830: 18
    831: 52
    832: 180
    833: 4
    834: 13
    835: 45
    836: 65
    837: 67
    838: 75
    839: 208
    840: 208
    841: 18
    842: 52
    843: 180
    844: 4
    845: 13
    846: 45
    847: 65
    848: 67
    849: 75
    850: 208
    851: 208
    852: 18
    853: 52
    854: 180
    855: 4
    856: 13
    857: 45
    858: 65
    859: 67
    860: 75
    861: 208
    862: 208
    863: 18
    864: 52
    865: 180
    866: 4
    867: 13
    868: 45
    869: 65
    870: 67
    871: 75
    872: 208
    873: 208
    874: 18
    875: 52
    876: 180
    877: 4
    878: 13
    879: 45
    880: 65
    881: 67
    882: 75
    883: 208
    884: 208
    885: 18
    886: 52
    887: 180
    888: 4
    889: 13
    890: 45
    891: 65
    892: 67
    893: 75
    894: 208
    895: 208
    896: 18
    897: 52
    898: 180
    899: 4
    900: 13
    901: 45
    902: 65
    903: 67
    904: 75
    905: 208
    906: 208
    907: 18
    908: 52
    909: 180
    910: 4
    911: 13
    912: 45
    913: 65
    914: 67
    915: 75
    916: 208
    917: 208
    918: 18
    919: 52
    920: 180
    921: 4
    922: 13
    923: 45
    924: 65
    925: 67
    926: 75
    927: 208
    928: 208
    929: 18
    930: 52
    931: 180
    932: 4
    933: 13
    934: 45
    935: 65
    936: 67
    937: 75
    938: 208
    939: 208
    940: 18
    941: 52
    942: 180
    943: 4
    944: 13
    945: 45
    946: 65
    947: 67
    948: 75
    949: 208
    950: 208
    951: 18
    952: 52
    953: 180
    954: 4
    955: 13
    956: 45
    957: 65
    958: 67
    959: 75
    960: 208
    961: 208
    962: 18
    963: 52
    964: 180
    965: 4
    966: 13
    967: 45
    968: 65
    969: 67
    970: 75
    971: 208
    972: 208
    973: 18
    974: 52
    975: 180
    976: 4
    977: 13
    978: 45
    979: 65
    980: 67
    981: 75
    982: 208
    983: 208
    984: 18
    985: 52
    986: 180
    987: 4
    988: 13
    989: 45
    990: 65
    991: 67
    992: 75
    993: 208
    994: 208
    995: 18
    996: 52
    997: 180
    998: 4
    999: 13
    1000: 45
    1001: 65
    1002: 67
    1003: 75
    1004: 208
    1005: 208
    1006: 18
    1007: 52
    1008: 180
    1009: 4
    1010: 13
    1011: 45
    1012: 65
    1013: 67
    1014: 75
    1015: 208
    1016: 208
    1017: 18
    1018: 52
    1019: 180
    1020: 4
    1021: 13
    1022: 45
    1023: 65
    1024: 67
    1025: 75
    1026: 208
    1027: 208
    1028: 18
    1029: 52
    1030: 180
    1031: 4
    1032: 13
    1033: 45
    1034: 65
    1035: 67
    1036: 75
    1037: 208
    1038: 208
    1039: 18
    1040: 52
    1041: 180
    1042: 4
    1043: 141
    1044: 217
    1045: 131
    1046: 203
    1047: 199
    1048: 123
    1049: 191
    1050: 122
    1051: 112
    1052: 115
    1053: 106
    1054: 105
    1055: 97
    1056: 0
    1057: 91
    1058: 176
    1059: 120
    1060: 97
    1061: 199
    1062: 250
    1063: 253
    1064: 123
    1065: 167
    1066: 87
    1067: 102
    1068: 151
    1069: 206
    1070: 31
    1071: 92
    1072: 159
    1073: 15
    1074: 31
    1075: 191
    1076: 58
    1077: 128
    1078: 45
    1079: 219
    1080: 152
    1081: 207
    1082: 182
    1083: 249
    1084: 124
    1085: 190
    1086: 62
    1087: 104
    1088: 9
    1089: 254
    1090: 149
    1091: 141
    1092: 45
    1093: 249
    1094: 94
    1095: 130
    1096: 198
    1097: 108
    1098: 211
    1099: 252
    1100: 229
    1101: 217
    1102: 23
    1103: 6
    1104: 176
    1105: 5
    1106: 239
    1107: 124
    1108: 244
    1109: 221
    1110: 198
    1111: 241
    1112: 79
    1113: 0
    1114: 0
    1115: 0
    1116: 255
    1117: 255
    1118: 143
    1119: 117
    1120: 17
    1121: 179
    1122: 0
    1123: 0
    1124: 0
    1125: 6
    1126: 73
    1127: 68
    1128: 65
    1129: 84
    1130: 3
    1131: 0
    1132: 122
    1133: 38
    1134: 125
    1135: 183
    1136: 65
    1137: 180
    1138: 48
    1139: 80
    1140: 0
    1141: 0
    1142: 0
    1143: 0
    1144: 73
    1145: 69
    1146: 78
    1147: 68
    1148: 174
    1149: 66
    1150: 96
    1151: 130
  actual:
    0: 137
    1: 80
    2: 78
    3: 71
    4: 13
    5: 10
    6: 26
    7: 10
    8: 0
    9: 0
    10: 0
    11: 13
    12: 73
    13: 72
    14: 68
    15: 82
    16: 0
    17: 0
    18: 1
    19: 25
    20: 0
    21: 0
    22: 0
    23: 244
    24: 8
    25: 2
    26: 0
    27: 0
    28: 0
    29: 32
    30: 223
    31: 197
    32: 168
    33: 0
    34: 0
    35: 4
    36: 53
    37: 73
    38: 68
    39: 65
    40: 84
    41: 120
    42: 156
    43: 236
    44: 219
    45: 177
    46: 171
    47: 86
    48: 101
    49: 28
    50: 192
    51: 241
    52: 71
    53: 121
    54: 151
    55: 192
    56: 193
    57: 37
    58: 17
    59: 196
    60: 18
    61: 17
    62: 156
    63: 154
    64: 106
    65: 105
    66: 55
    67: 104
    68: 140
    69: 68
    70: 137
    71: 238
    72: 96
    73: 217
    74: 29
    75: 26
    76: 106
    77: 20
    78: 193
    79: 201
    80: 169
    81: 108
    82: 105
    83: 49
    84: 104
    85: 17
    86: 163
    87: 33
    88: 23
    89: 241
    90: 239
    91: 104
    92: 49
    93: 112
    94: 21
    95: 151
    96: 236
    97: 10
    98: 133
    99: 100
    100: 247
    101: 86
    102: 94
    103: 180
    104: 155
    105: 249
    106: 70
    107: 169
    108: 151
    109: 203
    110: 109
    111: 185
    112: 229
    113: 215
    114: 14
    115: 232
    116: 231
    117: 179
    118: 156
    119: 243
    120: 59
    121: 243
    122: 239
    123: 203
    124: 115
    125: 206
    126: 112
    127: 102
    128: 243
    129: 249
    130: 124
    131: 60
    132: 114
    133: 248
    134: 248
    135: 213
    136: 143
    137: 247
    138: 158
    139: 27
    140: 143
    141: 225
    142: 211
    143: 213
    144: 93
    145: 99
    146: 106
    147: 159
    148: 44
    149: 188
    150: 49
    151: 166
    152: 246
    153: 249
    154: 173
    155: 175
    156: 127
    157: 188
    158: 183
    159: 58
    160: 38
    161: 245
    162: 210
    163: 247
    164: 63
    165: 191
    166: 250
    167: 237
    168: 173
    169: 49
    170: 169
    171: 181
    172: 177
    173: 237
    174: 179
    175: 213
    176: 231
    177: 199
    178: 212
    179: 158
    180: 208
    181: 74
    182: 28
    183: 63
    184: 123
    185: 255
    186: 210
    187: 249
    188: 131
    189: 235
    190: 227
    191: 182
    192: 77
    193: 45
    194: 13
    195: 96
    196: 203
    197: 54
    198: 182
    199: 180
    200: 125
    201: 0
    202: 133
    203: 217
    204: 166
    205: 249
    206: 212
    207: 210
    208: 194
    209: 120
    210: 12
    211: 71
    212: 151
    213: 247
    214: 143
    215: 169
    216: 93
    217: 62
    218: 115
    219: 114
    220: 76
    221: 109
    222: 241
    223: 198
    224: 197
    225: 235
    226: 107
    227: 203
    228: 99
    229: 82
    230: 135
    231: 174
    232: 221
    233: 60
    234: 114
    235: 101
    236: 105
    237: 76
    238: 234
    239: 206
    240: 124
    241: 251
    242: 177
    243: 149
    244: 125
    245: 99
    246: 106
    247: 79
    248: 104
    249: 37
    250: 22
    251: 47
    252: 236
    253: 216
    254: 56
    255: 206
    256: 188
    257: 215
    258: 193
    259: 127
    260: 182
    261: 49
    262: 159
    263: 135
    264: 231
    265: 210
    266: 99
    267: 30
    268: 71
    269: 240
    270: 12
    271: 58
    272: 247
    273: 246
    274: 237
    275: 241
    276: 232
    277: 116
    278: 250
    279: 226
    280: 244
    281: 78
    282: 223
    283: 75
    284: 208
    285: 208
    286: 18
    287: 52
    288: 180
    289: 4
    290: 13
    291: 45
    292: 65
    293: 67
    294: 75
    295: 208
    296: 208
    297: 18
    298: 52
    299: 180
    300: 4
    301: 13
    302: 45
    303: 65
    304: 67
    305: 75
    306: 208
    307: 208
    308: 18
    309: 52
    310: 180
    311: 4
    312: 13
    313: 45
    314: 65
    315: 67
    316: 75
    317: 208
    318: 208
    319: 18
    320: 52
    321: 180
    322: 4
    323: 13
    324: 45
    325: 65
    326: 67
    327: 75
    328: 208
    329: 208
    330: 18
    331: 52
    332: 180
    333: 4
    334: 13
    335: 45
    336: 65
    337: 67
    338: 75
    339: 208
    340: 208
    341: 18
    342: 52
    343: 180
    344: 4
    345: 13
    346: 45
    347: 65
    348: 67
    349: 75
    350: 208
    351: 208
    352: 18
    353: 52
    354: 180
    355: 4
    356: 13
    357: 45
    358: 65
    359: 67
    360: 75
    361: 208
    362: 208
    363: 18
    364: 52
    365: 180
    366: 4
    367: 13
    368: 45
    369: 65
    370: 67
    371: 75
    372: 208
    373: 208
    374: 18
    375: 52
    376: 180
    377: 4
    378: 13
    379: 45
    380: 65
    381: 67
    382: 75
    383: 208
    384: 208
    385: 18
    386: 52
    387: 180
    388: 4
    389: 13
    390: 45
    391: 65
    392: 67
    393: 75
    394: 208
    395: 208
    396: 18
    397: 52
    398: 180
    399: 4
    400: 13
    401: 45
    402: 65
    403: 67
    404: 75
    405: 208
    406: 208
    407: 18
    408: 52
    409: 180
    410: 4
    411: 13
    412: 45
    413: 65
    414: 67
    415: 75
    416: 208
    417: 152
    418: 61
    419: 184
    420: 236
    421: 121
    422: 239
    423: 131
    424: 81
    425: 56
    426: 113
    427: 119
    428: 231
    429: 152
    430: 218
    431: 115
    432: 7
    433: 246
    434: 140
    435: 169
    436: 45
    437: 236
    438: 122
    439: 253
    440: 151
    441: 251
    442: 119
    443: 199
    444: 164
    445: 94
    446: 60
    447: 176
    448: 186
    449: 231
    450: 229
    451: 95
    452: 199
    453: 164
    454: 238
    455: 205
    456: 199
    457: 137
    458: 223
    459: 158
    460: 194
    461: 149
    462: 248
    463: 227
    464: 246
    465: 157
    466: 181
    467: 31
    468: 126
    469: 218
    470: 244
    471: 240
    472: 97
    473: 75
    474: 187
    475: 223
    476: 122
    477: 103
    478: 20
    479: 222
    480: 31
    481: 252
    482: 229
    483: 205
    484: 177
    485: 123
    486: 240
    487: 183
    488: 167
    489: 114
    490: 37
    491: 126
    492: 191
    493: 185
    494: 242
    495: 207
    496: 150
    497: 188
    498: 227
    499: 65
    500: 67
    501: 75
    502: 208
    503: 208
    504: 18
    505: 52
    506: 180
    507: 4
    508: 13
    509: 45
    510: 65
    511: 67
    512: 75
    513: 208
    514: 208
    515: 18
    516: 52
    517: 180
    518: 4
    519: 13
    520: 45
    521: 65
    522: 67
    523: 75
    524: 208
    525: 208
    526: 18
    527: 52
    528: 180
    529: 4
    530: 13
    531: 45
    532: 65
    533: 67
    534: 75
    535: 208
    536: 208
    537: 18
    538: 52
    539: 180
    540: 4
    541: 13
    542: 45
    543: 65
    544: 67
    545: 75
    546: 208
    547: 120
    548: 248
    549: 143
    550: 250
    551: 55
    552: 175
    553: 189
    554: 50
    555: 10
    556: 71
    557: 151
    558: 247
    559: 143
    560: 169
    561: 93
    562: 62
    563: 115
    564: 114
    565: 76
    566: 109
    567: 241
    568: 198
    569: 197
    570: 235
    571: 107
    572: 203
    573: 99
    574: 82
    575: 135
    576: 174
    577: 221
    578: 60
    579: 114
    580: 101
    581: 105
    582: 76
    583: 234
    584: 206
    585: 124
    586: 251
    587: 177
    588: 149
    589: 125
    590: 99
    591: 106
    592: 255
    593: 207
    594: 74
    595: 56
    596: 151
    597: 160
    598: 161
    599: 37
    600: 104
    601: 104
    602: 9
    603: 26
    604: 90
    605: 130
    606: 134
    607: 150
    608: 160
    609: 161
    610: 37
    611: 104
    612: 104
    613: 9
    614: 26
    615: 90
    616: 130
    617: 134
    618: 150
    619: 160
    620: 161
    621: 37
    622: 104
    623: 104
    624: 9
    625: 26
    626: 90
    627: 130
    628: 134
    629: 150
    630: 160
    631: 161
    632: 37
    633: 104
    634: 104
    635: 9
    636: 26
    637: 90
    638: 130
    639: 134
    640: 150
    641: 160
    642: 161
    643: 37
    644: 104
    645: 104
    646: 9
    647: 26
    648: 90
    649: 130
    650: 134
    651: 150
    652: 160
    653: 161
    654: 37
    655: 104
    656: 104
    657: 9
    658: 26
    659: 90
    660: 130
    661: 134
    662: 150
    663: 160
    664: 161
    665: 37
    666: 104
    667: 104
    668: 9
    669: 26
    670: 90
    671: 130
    672: 134
    673: 150
    674: 160
    675: 161
    676: 37
    677: 104
    678: 104
    679: 9
    680: 26
    681: 90
    682: 130
    683: 134
    684: 150
    685: 160
    686: 161
    687: 37
    688: 104
    689: 104
    690: 9
    691: 26
    692: 90
    693: 130
    694: 134
    695: 150
    696: 160
    697: 161
    698: 37
    699: 104
    700: 104
    701: 9
    702: 26
    703: 90
    704: 130
    705: 134
    706: 150
    707: 160
    708: 161
    709: 37
    710: 104
    711: 104
    712: 9
    713: 26
    714: 90
    715: 130
    716: 134
    717: 150
    718: 160
    719: 161
    720: 37
    721: 104
    722: 104
    723: 9
    724: 26
    725: 90
    726: 130
    727: 134
    728: 150
    729: 160
    730: 161
    731: 37
    732: 104
    733: 104
    734: 9
    735: 26
    736: 90
    737: 130
    738: 134
    739: 150
    740: 160
    741: 161
    742: 37
    743: 104
    744: 104
    745: 9
    746: 26
    747: 90
    748: 130
    749: 134
    750: 150
    751: 160
    752: 161
    753: 37
    754: 104
    755: 104
    756: 9
    757: 26
    758: 90
    759: 130
    760: 134
    761: 150
    762: 160
    763: 161
    764: 37
    765: 104
    766: 104
    767: 9
    768: 26
    769: 90
    770: 130
    771: 134
    772: 150
    773: 160
    774: 161
    775: 37
    776: 104
    777: 104
    778: 9
    779: 26
    780: 90
    781: 130
    782: 134
    783: 150
    784: 160
    785: 161
    786: 37
    787: 104
    788: 104
    789: 9
    790: 26
    791: 90
    792: 130
    793: 134
    794: 150
    795: 160
    796: 161
    797: 37
    798: 104
    799: 104
    800: 9
    801: 26
    802: 90
    803: 130
    804: 134
    805: 150
    806: 160
    807: 161
    808: 37
    809: 104
    810: 104
    811: 9
    812: 26
    813: 90
    814: 130
    815: 134
    816: 150
    817: 160
    818: 161
    819: 37
    820: 104
    821: 104
    822: 9
    823: 26
    824: 90
    825: 130
    826: 134
    827: 150
    828: 160
    829: 161
    830: 37
    831: 104
    832: 104
    833: 9
    834: 26
    835: 90
    836: 130
    837: 134
    838: 150
    839: 160
    840: 161
    841: 37
    842: 104
    843: 104
    844: 9
    845: 26
    846: 90
    847: 130
    848: 134
    849: 150
    850: 160
    851: 161
    852: 37
    853: 104
    854: 104
    855: 9
    856: 26
    857: 90
    858: 130
    859: 134
    860: 150
    861: 160
    862: 161
    863: 37
    864: 104
    865: 104
    866: 9
    867: 26
    868: 90
    869: 130
    870: 134
    871: 150
    872: 160
    873: 161
    874: 37
    875: 104
    876: 104
    877: 9
    878: 26
    879: 90
    880: 130
    881: 134
    882: 150
    883: 160
    884: 161
    885: 37
    886: 104
    887: 104
    888: 9
    889: 26
    890: 90
    891: 130
    892: 134
    893: 150
    894: 160
    895: 161
    896: 37
    897: 104
    898: 104
    899: 9
    900: 26
    901: 90
    902: 130
    903: 134
    904: 150
    905: 160
    906: 161
    907: 37
    908: 104
    909: 104
    910: 9
    911: 26
    912: 90
    913: 130
    914: 134
    915: 150
    916: 160
    917: 161
    918: 37
    919: 104
    920: 104
    921: 9
    922: 26
    923: 90
    924: 130
    925: 134
    926: 150
    927: 160
    928: 161
    929: 37
    930: 104
    931: 104
    932: 9
    933: 26
    934: 90
    935: 130
    936: 134
    937: 150
    938: 160
    939: 161
    940: 37
    941: 104
    942: 104
    943: 9
    944: 26
    945: 90
    946: 130
    947: 134
    948: 150
    949: 160
    950: 161
    951: 37
    952: 104
    953: 104
    954: 9
    955: 26
    956: 90
    957: 130
    958: 134
    959: 150
    960: 160
    961: 161
    962: 37
    963: 104
    964: 104
    965: 9
    966: 26
    967: 90
    968: 130
    969: 134
    970: 150
    971: 160
    972: 161
    973: 37
    974: 104
    975: 104
    976: 9
    977: 26
    978: 90
    979: 130
    980: 134
    981: 150
    982: 160
    983: 161
    984: 37
    985: 104
    986: 104
    987: 9
    988: 26
    989: 90
    990: 130
    991: 134
    992: 150
    993: 160
    994: 161
    995: 37
    996: 104
    997: 104
    998: 9
    999: 26
    1000: 90
    1001: 130
    1002: 134
    1003: 150
    1004: 160
    1005: 161
    1006: 37
    1007: 104
    1008: 104
    1009: 9
    1010: 26
    1011: 90
    1012: 130
    1013: 134
    1014: 150
    1015: 160
    1016: 161
    1017: 37
    1018: 104
    1019: 104
    1020: 9
    1021: 26
    1022: 90
    1023: 130
    1024: 134
    1025: 150
    1026: 160
    1027: 161
    1028: 37
    1029: 104
    1030: 104
    1031: 9
    1032: 26
    1033: 90
    1034: 130
    1035: 134
    1036: 150
    1037: 160
    1038: 161
    1039: 37
    1040: 104
    1041: 104
    1042: 9
    1043: 26
    1044: 179
    1045: 7
    1046: 151
    1047: 143
    1048: 246
    1049: 126
    1050: 245
    1051: 224
    1052: 230
    1053: 212
    1054: 210
    1055: 194
    1056: 0
    1057: 182
    1058: 96
    1059: 241
    1060: 194
    1061: 142
    1062: 245
    1063: 251
    1064: 119
    1065: 79
    1066: 175
    1067: 204
    1068: 46
    1069: 157
    1070: 63
    1071: 184
    1072: 62
    1073: 31
    1074: 62
    1075: 126
    1076: 117
    1077: 0
    1078: 91
    1079: 182
    1080: 49
    1081: 159
    1082: 109
    1083: 243
    1084: 249
    1085: 124
    1086: 125
    1087: 208
    1088: 18
    1089: 252
    1090: 43
    1091: 27
    1092: 91
    1093: 242
    1094: 189
    1095: 4
    1096: 141
    1097: 217
    1098: 166
    1099: 249
    1100: 203
    1101: 179
    1102: 47
    1103: 12
    1104: 96
    1105: 11
    1106: 142
    1107: 125
    1108: 248
    1109: 221
    1110: 198
    1111: 241
    1112: 79
    1113: 0
    1114: 0
    1115: 0
    1116: 255
    1117: 255
    1118: 30
    1119: 31
    1120: 131
    1121: 48
    1122: 0
    1123: 0
    1124: 0
    1125: 6
    1126: 73
    1127: 68
    1128: 65
    1129: 84
    1130: 3
    1131: 0
    1132: 122
    1133: 26
    1134: 125
    1135: 183
    1136: 108
    1137: 197
    1138: 44
    1139: 164
    1140: 0
    1141: 0
    1142: 0
    1143: 0
    1144: 73
    1145: 69
    1146: 78
    1147: 68
    1148: 174
    1149: 66
    1150: 96
    1151: 130
  operator: 'deepStrictEqual'
  stack: |-
    TestContext.<anonymous> (file:///private/tmp/ppte8/dist/tests/audit-followup-r03.test.js:63:24)
    async Test.run (node:internal/test_runner/test:1054:7)
    async Test.processPendingSubtests (node:internal/test_runner/test:744:7)
  ...
# Subtest: R03 contain negative-px: browser preview, no-op bytes/history, actual move/download/fresh reopen
ok 9 - R03 contain negative-px: browser preview, no-op bytes/history, actual move/download/fresh reopen
  ---
  duration_ms: 3777.365458
  type: 'test'
  ...
# Subtest: R03 contain positive-px: browser preview, no-op bytes/history, actual move/download/fresh reopen
not ok 10 - R03 contain positive-px: browser preview, no-op bytes/history, actual move/download/fresh reopen
  ---
  duration_ms: 4568.668333
  type: 'test'
  location: '/private/tmp/ppte8/dist/tests/audit-followup-r03.test.js:44:9'
  failureType: 'testCodeFailure'
  error: 'reopened ox: 0 vs 18.666666666666668'
  code: 'ERR_ASSERTION'
  name: 'AssertionError'
  expected: true
  actual: false
  operator: '=='
  stack: |-
    near (file:///private/tmp/ppte8/dist/tests/audit-followup-r03.test.js:41:37)
    TestContext.<anonymous> (file:///private/tmp/ppte8/dist/tests/audit-followup-r03.test.js:102:25)
    async Test.run (node:internal/test_runner/test:1054:7)
    async Test.processPendingSubtests (node:internal/test_runner/test:744:7)
  ...
# Subtest: R03 contain percentage: browser preview, no-op bytes/history, actual move/download/fresh reopen
not ok 11 - R03 contain percentage: browser preview, no-op bytes/history, actual move/download/fresh reopen
  ---
  duration_ms: 1751.060209
  type: 'test'
  location: '/private/tmp/ppte8/dist/tests/audit-followup-r03.test.js:44:9'
  failureType: 'testCodeFailure'
  error: |-
    no-op rendered image pixels unchanged
    + actual - expected
    ... Skipped lines
    
    + Buffer(1385) [Uint8Array] [
    - Buffer(1390) [Uint8Array] [
        137,
        80,
        78,
        71,
        13,
    ...
        5,
    +   30,
    -   35,
        73,
        68,
        65,
        84,
        120,
    ...
        221,
    +   207,
    +   139,
    -   191,
    -   111,
        212,
        117,
        28,
        199,
        241,
    +   207,
    +   230,
    +   216,
    -   79,
    -   225,
    -   168,
    -   109,
    -   249,
    -   33,
    -   193,
    -   86,
    -   176,
    -   26,
    -   80,
    -   8,
    -   66,
    -   36,
    -   129,
    -   129,
    -   149,
    -   196,
    -   24,
    -   19,
    -   55,
    -   23,
    -   48,
        186,
    +   110,
    +   138,
    +   110,
    +   203,
    +   150,
    +   150,
    +   63,
    +   82,
    +   73,
    +   68,
    +   47,
    +   69,
    +   199,
    +   136,
    +   46,
    +   117,
    +   244,
    +   160,
    -   24,
    -   9,
    -   184,
    -   153,
    -   176,
    -   24,
    -   103,
    -   255,
    -   0,
    -   19,
        39,
    +   187,
    +   152,
    +   82,
    +   71,
    +   47,
    +   254,
    +   1,
    +   221,
    +   234,
    +   208,
    +   41,
    +   241,
    +   210,
    +   73,
    +   242,
    +   15,
    +   16,
    +   58,
    +   68,
    +   167,
    -   6,
    -   55,
        34,
    +   188,
    +   4,
    +   93,
    +   34,
    +   130,
    +   66,
    +   69,
    +   16,
    +   140,
    +   52,
    +   215,
    +   31,
    +   169,
    +   227,
    -   147,
    -   139,
    -   252,
    -   1,
    -   78,
        186,
    +   63,
    +   102,
    +   103,
    +   167,
    -   136,
    -   139,
        33,
    -   104,
    -   66,
    -   66,
    -   53,
    -   26,
    -   1,
        109,
    +   145,
    +   237,
    +   50,
    +   187,
    +   243,
    +   250,
    +   12,
    +   171,
    +   60,
    -   64,
    -   129,
    -   22,
    -   91,
    -   74,
    -   233,
    -   245,
    -   174,
    -   94,
    -   4,
    -   42,
    -   169,
    -   203,
    -   65,
    -   95,
    -   159,
    -   75,
    -   105,
        30,
    +   204,
    +   15,
    +   134,
    +   153,
    +   219,
    +   123,
    +   158,
    -   143,
    -   251,
    -   149,
    -   203,
    -   221,
    -   116,
    -   239,
    -   60,
        243,
        253,
        124,
    +   248,
    +   206,
    +   48,
    +   141,
    +   78,
    +   167,
    +   83,
    +   254,
    +   115,
    +   248,
    +   248,
    +   197,
    +   179,
    +   167,
    +   183,
    +   23,
    +   160,
    +   7,
    -   242,
    -   189,
    -   203,
    -   53,
    -   22,
    -   22,
    -   22,
    -   202,
    -   3,
        71,
    +   79,
    +   92,
    +   61,
    +   119,
    +   102,
    +   239,
    -   142,
    -   143,
    -   157,
    -   62,
    -   185,
    -   189,
    -   0,
    -   93,
    -   56,
    -   122,
        226,
    +   195,
    +   198,
    +   255,
    -   242,
    -   153,
    -   83,
    -   123,
    -   22,
        159,
    -   54,
    -   254,
    -   255,
    -   114,
    -   1,
    -   30,
    -   221,
    -   154,
    -   2,
    -   36,
    -   44,
    -   61,
        46,
    +   192,
    +   242,
    -   89,
    -   227,
    -   65,
    -   151,
    -   150,
    -   44,
    -   226,
    -   26,
    -   157,
        61,
    +   87,
    +   128,
    +   132,
    +   165,
    +   199,
    +   37,
    +   107,
    +   60,
    +   232,
    +   209,
    +   146,
    +   69,
    +   92,
    +   163,
    +   187,
    +   71,
    +   42,
    +   192,
    +   138,
    +   60,
    +   153,
    +   207,
    +   208,
    +   161,
    +   99,
    +   23,
    +   138,
    -   82,
    -   1,
    -   30,
    -   203,
        195,
    +   17,
    +   172,
    +   212,
    +   163,
    +   163,
    +   83,
    +   183,
    +   32,
    +   251,
    +   37,
    +   200,
    +   208,
    +   18,
    -   249,
    -   244,
    -   29,
    -   62,
    -   118,
    -   177,
    -   56,
    -   28,
    -   193,
    -   227,
    -   186,
    -   119,
    -   116,
    -   234,
    -   20,
        100,
    +   104,
    +   9,
    +   50,
    +   180,
    -   191,
        4,
        25,
        90,
        130,
        12,
    ...
        32,
    +   227,
    +   241,
    +   255,
    +   2,
    +   54,
    +   127,
    +   252,
    -   67,
    -   75,
    -   144,
        161,
    +   84,
    +   246,
    +   123,
    +   107,
    +   228,
    +   126,
    +   103,
    +   77,
    -   37,
    -   200,
    -   208,
    -   18,
    -   100,
    -   220,
    -   255,
    -   95,
    -   192,
        169,
    +   239,
    +   205,
    +   93,
    +   219,
    +   54,
    +   143,
    +   174,
    +   47,
    -   179,
    -   95,
    -   151,
    -   26,
    -   254,
    -   251,
    -   95,
    -   233,
    -   50,
    -   214,
    -   26,
    -   184,
    -   217,
    -   94,
    -   91,
    -   234,
    -   232,
    -   235,
    -   92,
    -   30,
    -   216,
    -   191,
    -   227,
    -   249,
    -   145,
    -   77,
    -   27,
    -   74,
    -   125,
    -   23,
    -   102,
    -   175,
    -   221,
    -   104,
    -   221,
    -   46,
        245,
    +   253,
    +   58,
    +   115,
    +   253,
    +   110,
    +   123,
    -   237,
        186,
    +   212,
    +   247,
    +   250,
    +   205,
    +   7,
    -   62,
    -   189,
    -   121,
    -   182,
    -   89,
    -   234,
        27,
    +   102,
    -   155,
    -   31,
    -   152,
    -   104,
    -   55,
    -   74,
    -   125,
    -   171,
    -   107,
    -   70,
        91,
    +   165,
    +   62,
    +   51,
    +   90,
    +   145,
    +   177,
    +   238,
    +   245,
    +   231,
    +   191,
    +   46,
    +   61,
    +   110,
    +   233,
    +   218,
    +   231,
    +   159,
    +   148,
    +   202,
    +   78,
    +   53,
    -   58,
        183,
    +   252,
    +   54,
    +   63,
    +   82,
    +   234,
    +   251,
    -   115,
    -   87,
    -   127,
    -   186,
    -   255,
    -   193,
    -   141,
    -   127,
        242,
    +   227,
    +   35,
    +   111,
    +   237,
    +   30,
    +   196,
    +   95,
    -   113,
    -   169,
    -   236,
        179,
    -   233,
    -   109,
    -   223,
    -   55,
    -   135,
    -   74,
        125,
    +   117,
    +   253,
    +   155,
    +   95,
    +   166,
    +   175,
    +   149,
    +   250,
    +   78,
    +   158,
    +   191,
    +   180,
    -   159,
    -   190,
        119,
    +   178,
    +   89,
    +   234,
    +   51,
    +   163,
    +   21,
    +   216,
    +   81,
    +   78,
    -   248,
    -   213,
    -   87,
        118,
    +   111,
    +   239,
    -   151,
    -   250,
    -   190,
    -   184,
    -   250,
    -   213,
    -   217,
    -   153,
    -   75,
    -   165,
    -   190,
    -   15,
    -   190,
    -   253,
    -   229,
    -   192,
    -   248,
    -   100,
    -   169,
        207,
    +   61,
    -   140,
    -   30,
    -   195,
    -   142,
    -   242,
    -   97,
    -   231,
    -   254,
    -   239,
    -   185,
    -   25,
    -   107,
    -   60,
    -   200,
    -   208,
    -   18,
    -   100,
    -   104,
    -   9,
    -   50,
        180,
    +   198,
    +   131,
    -   4,
    -   25,
    -   90,
    -   130,
        12,
        45,
        65,
        134,
        150,
    ...
        100,
    +   104,
    +   9,
    +   50,
    +   180,
    +   4,
    +   25,
    +   90,
    +   130,
    +   12,
    +   45,
    +   65,
    +   70,
    +   163,
    +   199,
    +   215,
    +   141,
    +   238,
    +   59,
    +   48,
    +   178,
    +   115,
    -   52,
    -   186,
    -   124,
    -   223,
    -   134,
    -   125,
    -   7,
    -   6,
        119,
    +   233,
    +   195,
    +   123,
    +   51,
    +   155,
    -   238,
    -   46,
    -   203,
    -   240,
    -   198,
    -   220,
    -   166,
    -   189,
    -   243,
    -   253,
    -   165,
    -   190,
    -   151,
        246,
    +   183,
    +   215,
    -   239,
    -   126,
    -   106,
    -   219,
    -   72,
    -   169,
    -   239,
    -   208,
    -   166,
    -   131,
    -   163,
    -   115,
    -   47,
        150,
        250,
    +   94,
    +   221,
    +   183,
    +   115,
    +   120,
    +   124,
    +   172,
    +   212,
    +   247,
        246,
    +   232,
    -   14,
    -   236,
        27,
    +   59,
    +   90,
    -   153,
    -   156,
    -   41,
    -   245,
    -   61,
    -   65,
    -   51,
    -   154,
        187,
    +   74,
    +   125,
    +   123,
    +   134,
    +   246,
    +   140,
    +   55,
    +   103,
    +   74,
    +   125,
    +   3,
    +   155,
    +   209,
    +   43,
    +   125,
    +   207,
    +   104,
    +   238,
    +   198,
    +   157,
    +   78,
    +   123,
    -   118,
    -   115,
        161,
    +   172,
    +   38,
    +   189,
    +   182,
    +   52,
    +   246,
    +   238,
    +   251,
    +   19,
    +   135,
    -   217,
    -   42,
    -   43,
    -   73,
    -   183,
    -   45,
    -   109,
        62,
    +   40,
    +   125,
    +   56,
    +   81,
    +   158,
    +   53,
    +   31,
    +   150,
    +   29,
    +   101,
    +   48,
    -   244,
    -   218,
    -   214,
    -   183,
        222,
    +   41,
    +   131,
    -   45,
    -   203,
    -   240,
    -   126,
    -   89,
    -   109,
    -   222,
    -   46,
    -   219,
    -   75,
    -   111,
    -   28,
    -   42,
    -   189,
        241,
    +   20,
    -   4,
        205,
    +   168,
    +   117,
    +   231,
    +   126,
    +   167,
    +   61,
    +   87,
    +   86,
    +   19,
    +   107,
    +   60,
    +   200,
    +   208,
    +   18,
    +   100,
        104,
    +   9,
    +   50,
    +   180,
    +   4,
    +   25,
    -   126,
    -   98,
    -   170,
    -   181,
    -   194,
        90,
    +   130,
    -   178,
    -   198,
    -   131,
        12,
        45,
        65,
        134,
        150,
    ...
        130,
    +   140,
    +   94,
    +   191,
    +   39,
    +   222,
    +   186,
    +   115,
    +   123,
    +   250,
    +   202,
    +   229,
    +   210,
    +   135,
    +   155,
    +   11,
    +   141,
    +   233,
    +   206,
    -   12,
    -   45,
    -   65,
    -   134,
    -   150,
        32,
    +   210,
    +   221,
    +   178,
    +   121,
    +   227,
    -   67,
    -   75,
    -   144,
    -   161,
    -   37,
    -   200,
        232,
    +   240,
    +   112,
    -   246,
    -   123,
    -   226,
    -   119,
    -   199,
    -   255,
    -   152,
    -   250,
    -   241,
    -   92,
    -   89,
    -   134,
    -   43,
    -   173,
    -   254,
        169,
    +   239,
    +   198,
    +   124,
    +   243,
    +   225,
    +   66,
    +   171,
    +   212,
    +   55,
    +   54,
    +   53,
    +   55,
    +   50,
    -   133,
    -   94,
    -   164,
    -   187,
    -   107,
    -   235,
    -   240,
    -   230,
    -   161,
    -   193,
    -   82,
        223,
    +   46,
    +   245,
    +   13,
    +   110,
    +   70,
    +   155,
    -   111,
    -   115,
    -   19,
    -   183,
    -   218,
    -   179,
    -   165,
    -   190,
    -   209,
    -   91,
    -   119,
        54,
    +   142,
    +   174,
    +   235,
    +   107,
    +   70,
    -   220,
        157,
    +   133,
    +   213,
    -   47,
        245,
    +   131,
    +   139,
    +   210,
    +   123,
    +   75,
    +   183,
    +   190,
    +   253,
    -   93,
    -   105,
    -   247,
    -   79,
    -   181,
    -   215,
    -   150,
        250,
    +   239,
    +   243,
    +   223,
    +   149,
    +   62,
    +   124,
    +   49,
    +   53,
    +   113,
    +   185,
    +   61,
    +   136,
    +   183,
    +   248,
    +   103,
    +   71,
    +   14,
    -   118,
    -   109,
    -   91,
        238,
    +   223,
    +   182,
    +   181,
    +   212,
    +   119,
    +   106,
    +   242,
    +   251,
    +   11,
    +   51,
    +   147,
    +   165,
    +   190,
    +   143,
    +   126,
    +   186,
    +   242,
    +   218,
    -   140,
    -   22,
    -   90,
        237,
    +   169,
    -   178,
    -   194,
    -   116,
    -   219,
    -   210,
    -   228,
    -   217,
    -   111,
    -   166,
    -   47,
    -   156,
    -   47,
    -   203,
    -   240,
    -   249,
    -   157,
    -   225,
    -   11,
    -   205,
    -   129,
        82,
        223,
    +   192,
    +   102,
    +   244,
    +   233,
    +   145,
    +   131,
    +   7,
    -   71,
    -   111,
    -   190,
    -   126,
    -   112,
    -   103,
    -   47,
    -   126,
    -   13,
    -   241,
    -   229,
    -   141,
    -   239,
    -   126,
    -   152,
    -   29,
    -   47,
    -   245,
    -   189,
    -   115,
    -   254,
    -   202,
    -   203,
    -   127,
    -   78,
    -   149,
        250,
    +   155,
    +   81,
    +   167,
    +   53,
    +   136,
    +   15,
    +   151,
    -   158,
    -   160,
    -   25,
    -   181,
    -   231,
    -   154,
        101,
    -   133,
        233,
    +   181,
    -   182,
        165,
    +   249,
        230,
    +   189,
    +   238,
    +   165,
    +   244,
    +   97,
    -   141,
    -   191,
    -   58,
    -   215,
        178,
    +   185,
    +   240,
    -   12,
    -   151,
    -   166,
    -   167,
    -   46,
    -   54,
    -   135,
    -   74,
    -   125,
    -   183,
    -   174,
    -   79,
    -   182,
    -   158,
    -   237,
    -   197,
    -   111,
    -   1,
        199,
    +   252,
    +   72,
    -   39,
    -   174,
    -   253,
    -   60,
    -   243,
    -   123,
        169,
    +   111,
    +   234,
    +   222,
    +   212,
    +   194,
    +   248,
    +   108,
    +   169,
        239,
    +   246,
    +   131,
    +   187,
    +   127,
    +   78,
    +   223,
    +   42,
    +   245,
    +   53,
    +   111,
    +   94,
    +   159,
    +   157,
    +   108,
    -   230,
    -   229,
    -   95,
    -   239,
    -   140,
    -   79,
        150,
        250,
    +   6,
    +   54,
    +   163,
    +   135,
    +   131,
    +   154,
    +   209,
    +   32,
    +   217,
    +   47,
    -   86,
    -   223,
    -   140,
    -   122,
    -   201,
    -   126,
    -   9,
    -   50,
    -   180,
    -   4,
    -   25,
    -   90,
    -   130,
    -   12,
    -   45,
        65,
        134,
        150,
        32,
        67,
    ...
        130,
    +   12,
    +   45,
    +   65,
    +   134,
    +   150,
    +   32,
    +   67,
    +   75,
    +   144,
    +   209,
    +   120,
    +   116,
    +   183,
    +   246,
    +   165,
    +   173,
    +   165,
    +   178,
    +   137,
    +   23,
    +   38,
    +   238,
    +   181,
    -   140,
    -   198,
    -   189,
        135,
    -   117,
    -   91,
    -   71,
        75,
    +   125,
    +   235,
    +   54,
    +   140,
    +   12,
    +   173,
    +   123,
    +   190,
    +   212,
    +   247,
    +   226,
    +   232,
    +   166,
    +   173,
    +   107,
    +   102,
    +   75,
    +   125,
    +   235,
    +   199,
    -   101,
    -   35,
    -   27,
    -   135,
        95,
    +   94,
    +   59,
    +   180,
    +   161,
    +   212,
    +   247,
    +   76,
    +   206,
    +   104,
    +   203,
    +   64,
    +   102,
    +   212,
    +   53,
    +   116,
    +   232,
    +   216,
    +   133,
    +   238,
    +   221,
    +   217,
    +   211,
    +   219,
    +   11,
    +   176,
    +   124,
    +   71,
    +   79,
    -   152,
    -   31,
    -   44,
    -   245,
    -   13,
    -   110,
        92,
    +   45,
    +   255,
    +   22,
    +   100,
    +   141,
    +   7,
    -   223,
    -   55,
    -   208,
    -   95,
    -   234,
    -   219,
    -   178,
    -   254,
    -   233,
    -   209,
    -   53,
    -   207,
    -   148,
    -   250,
    -   214,
    -   15,
    -   223,
    -   94,
    -   215,
    -   26,
    -   42,
    -   245,
    -   173,
    -   202,
        25,
    +   90,
    +   130,
    -   61,
    -   215,
    -   147,
    -   25,
    -   117,
    -   244,
    -   29,
    -   62,
    -   118,
    -   177,
    -   243,
    -   112,
    -   250,
    -   228,
    -   246,
    -   2,
    -   60,
    -   186,
    -   163,
    -   39,
    -   46,
    -   151,
    -   127,
    -   11,
    -   178,
    -   198,
    -   131,
        12,
        45,
        65,
        134,
        150,
    ...
        100,
    +   60,
    +   62,
    +   191,
    +   180,
    +   200,
    +   137,
    +   38,
    +   232,
    +   209,
    +   163,
    -   104,
    -   9,
    -   50,
    -   238,
    -   159,
    -   95,
    -   90,
    -   228,
    -   68,
    -   19,
    -   116,
    -   233,
    -   222,
    -   153,
    -   165,
    -   69,
    -   141,
        51,
    +   75,
    +   139,
    +   26,
    +   231,
    +   206,
    +   236,
    +   93,
    -   167,
    -   246,
    -   44,
    -   62,
    -   57,
    -   114,
        124,
    +   112,
    +   248,
    +   248,
    +   197,
    +   2,
    +   244,
    +   236,
    +   201,
    +   124,
    +   26,
    +   75,
    +   158,
    +   91,
    -   172,
    -   0,
    -   93,
    -   123,
    -   56,
    -   159,
    -   198,
        146,
    +   26,
    +   208,
    +   35,
    +   251,
    +   37,
    +   200,
    +   88,
    +   122,
    +   92,
    +   178,
    +   95,
    +   130,
    -   215,
    -   150,
    -   164,
    -   6,
    -   116,
    -   201,
    -   126,
    -   9,
    -   50,
    -   150,
        30,
    +   45,
    +   89,
    +   196,
    +   253,
    +   3,
    -   151,
    -   236,
    -   151,
    -   160,
    -   75,
    -   75,
    -   22,
    -   113,
    -   255,
        0,
        0,
    -   0,
        255,
        255,
    +   217,
    +   171,
    +   192,
    +   226,
    -   155,
    -   125,
    -   152,
    -   113,
        0,
        0,
        0,
        6,
        73,
    ...
        0,
    +   36,
    +   82,
    +   225,
    +   218,
    +   215,
    +   105,
    +   80,
    +   190,
    -   187,
    -   207,
    -   222,
    -   239,
    -   201,
    -   236,
    -   100,
    -   240,
        0,
        0,
        0,
        0,
        73,
    
  code: 'ERR_ASSERTION'
  name: 'AssertionError'
  expected:
    0: 137
    1: 80
    2: 78
    3: 71
    4: 13
    5: 10
    6: 26
    7: 10
    8: 0
    9: 0
    10: 0
    11: 13
    12: 73
    13: 72
    14: 68
    15: 82
    16: 0
    17: 0
    18: 1
    19: 25
    20: 0
    21: 0
    22: 0
    23: 244
    24: 8
    25: 2
    26: 0
    27: 0
    28: 0
    29: 32
    30: 223
    31: 197
    32: 168
    33: 0
    34: 0
    35: 5
    36: 35
    37: 73
    38: 68
    39: 65
    40: 84
    41: 120
    42: 156
    43: 236
    44: 221
    45: 191
    46: 111
    47: 212
    48: 117
    49: 28
    50: 199
    51: 241
    52: 79
    53: 225
    54: 168
    55: 109
    56: 249
    57: 33
    58: 193
    59: 86
    60: 176
    61: 26
    62: 80
    63: 8
    64: 66
    65: 36
    66: 129
    67: 129
    68: 149
    69: 196
    70: 24
    71: 19
    72: 55
    73: 23
    74: 48
    75: 186
    76: 24
    77: 9
    78: 184
    79: 153
    80: 176
    81: 24
    82: 103
    83: 255
    84: 0
    85: 19
    86: 39
    87: 6
    88: 55
    89: 34
    90: 147
    91: 139
    92: 252
    93: 1
    94: 78
    95: 186
    96: 136
    97: 139
    98: 33
    99: 104
    100: 66
    101: 66
    102: 53
    103: 26
    104: 1
    105: 109
    106: 64
    107: 129
    108: 22
    109: 91
    110: 74
    111: 233
    112: 245
    113: 174
    114: 94
    115: 4
    116: 42
    117: 169
    118: 203
    119: 65
    120: 95
    121: 159
    122: 75
    123: 105
    124: 30
    125: 143
    126: 251
    127: 149
    128: 203
    129: 221
    130: 116
    131: 239
    132: 60
    133: 243
    134: 253
    135: 124
    136: 242
    137: 189
    138: 203
    139: 53
    140: 22
    141: 22
    142: 22
    143: 202
    144: 3
    145: 71
    146: 142
    147: 143
    148: 157
    149: 62
    150: 185
    151: 189
    152: 0
    153: 93
    154: 56
    155: 122
    156: 226
    157: 242
    158: 153
    159: 83
    160: 123
    161: 22
    162: 159
    163: 54
    164: 254
    165: 255
    166: 114
    167: 1
    168: 30
    169: 221
    170: 154
    171: 2
    172: 36
    173: 44
    174: 61
    175: 46
    176: 89
    177: 227
    178: 65
    179: 151
    180: 150
    181: 44
    182: 226
    183: 26
    184: 157
    185: 61
    186: 82
    187: 1
    188: 30
    189: 203
    190: 195
    191: 249
    192: 244
    193: 29
    194: 62
    195: 118
    196: 177
    197: 56
    198: 28
    199: 193
    200: 227
    201: 186
    202: 119
    203: 116
    204: 234
    205: 20
    206: 100
    207: 191
    208: 4
    209: 25
    210: 90
    211: 130
    212: 12
    213: 45
    214: 65
    215: 134
    216: 150
    217: 32
    218: 67
    219: 75
    220: 144
    221: 161
    222: 37
    223: 200
    224: 208
    225: 18
    226: 100
    227: 104
    228: 9
    229: 50
    230: 180
    231: 4
    232: 25
    233: 90
    234: 130
    235: 12
    236: 45
    237: 65
    238: 134
    239: 150
    240: 32
    241: 67
    242: 75
    243: 144
    244: 161
    245: 37
    246: 200
    247: 208
    248: 18
    249: 100
    250: 104
    251: 9
    252: 50
    253: 180
    254: 4
    255: 25
    256: 90
    257: 130
    258: 12
    259: 45
    260: 65
    261: 134
    262: 150
    263: 32
    264: 67
    265: 75
    266: 144
    267: 161
    268: 37
    269: 200
    270: 208
    271: 18
    272: 100
    273: 104
    274: 9
    275: 50
    276: 180
    277: 4
    278: 25
    279: 90
    280: 130
    281: 12
    282: 45
    283: 65
    284: 134
    285: 150
    286: 32
    287: 67
    288: 75
    289: 144
    290: 161
    291: 37
    292: 200
    293: 208
    294: 18
    295: 100
    296: 220
    297: 255
    298: 95
    299: 192
    300: 169
    301: 179
    302: 95
    303: 151
    304: 26
    305: 254
    306: 251
    307: 95
    308: 233
    309: 50
    310: 214
    311: 26
    312: 184
    313: 217
    314: 94
    315: 91
    316: 234
    317: 232
    318: 235
    319: 92
    320: 30
    321: 216
    322: 191
    323: 227
    324: 249
    325: 145
    326: 77
    327: 27
    328: 74
    329: 125
    330: 23
    331: 102
    332: 175
    333: 221
    334: 104
    335: 221
    336: 46
    337: 245
    338: 237
    339: 186
    340: 62
    341: 189
    342: 121
    343: 182
    344: 89
    345: 234
    346: 27
    347: 155
    348: 31
    349: 152
    350: 104
    351: 55
    352: 74
    353: 125
    354: 171
    355: 107
    356: 70
    357: 91
    358: 58
    359: 183
    360: 115
    361: 87
    362: 127
    363: 186
    364: 255
    365: 193
    366: 141
    367: 127
    368: 242
    369: 113
    370: 169
    371: 236
    372: 179
    373: 233
    374: 109
    375: 223
    376: 55
    377: 135
    378: 74
    379: 125
    380: 159
    381: 190
    382: 119
    383: 248
    384: 213
    385: 87
    386: 118
    387: 151
    388: 250
    389: 190
    390: 184
    391: 250
    392: 213
    393: 217
    394: 153
    395: 75
    396: 165
    397: 190
    398: 15
    399: 190
    400: 253
    401: 229
    402: 192
    403: 248
    404: 100
    405: 169
    406: 207
    407: 140
    408: 30
    409: 195
    410: 142
    411: 242
    412: 97
    413: 231
    414: 254
    415: 239
    416: 185
    417: 25
    418: 107
    419: 60
    420: 200
    421: 208
    422: 18
    423: 100
    424: 104
    425: 9
    426: 50
    427: 180
    428: 4
    429: 25
    430: 90
    431: 130
    432: 12
    433: 45
    434: 65
    435: 134
    436: 150
    437: 32
    438: 67
    439: 75
    440: 144
    441: 161
    442: 37
    443: 200
    444: 208
    445: 18
    446: 100
    447: 104
    448: 9
    449: 50
    450: 180
    451: 4
    452: 25
    453: 90
    454: 130
    455: 12
    456: 45
    457: 65
    458: 134
    459: 150
    460: 32
    461: 67
    462: 75
    463: 144
    464: 161
    465: 37
    466: 200
    467: 208
    468: 18
    469: 100
    470: 104
    471: 9
    472: 50
    473: 180
    474: 4
    475: 25
    476: 90
    477: 130
    478: 12
    479: 45
    480: 65
    481: 134
    482: 150
    483: 32
    484: 67
    485: 75
    486: 144
    487: 161
    488: 37
    489: 200
    490: 208
    491: 18
    492: 100
    493: 104
    494: 9
    495: 50
    496: 180
    497: 4
    498: 25
    499: 90
    500: 130
    501: 12
    502: 45
    503: 65
    504: 134
    505: 150
    506: 32
    507: 67
    508: 75
    509: 144
    510: 161
    511: 37
    512: 200
    513: 208
    514: 18
    515: 100
    516: 104
    517: 9
    518: 50
    519: 180
    520: 4
    521: 25
    522: 90
    523: 130
    524: 12
    525: 45
    526: 65
    527: 134
    528: 150
    529: 32
    530: 67
    531: 75
    532: 144
    533: 161
    534: 37
    535: 200
    536: 208
    537: 18
    538: 100
    539: 52
    540: 186
    541: 124
    542: 223
    543: 134
    544: 125
    545: 7
    546: 6
    547: 119
    548: 238
    549: 46
    550: 203
    551: 240
    552: 198
    553: 220
    554: 166
    555: 189
    556: 243
    557: 253
    558: 165
    559: 190
    560: 151
    561: 246
    562: 239
    563: 126
    564: 106
    565: 219
    566: 72
    567: 169
    568: 239
    569: 208
    570: 166
    571: 131
    572: 163
    573: 115
    574: 47
    575: 150
    576: 250
    577: 246
    578: 14
    579: 236
    580: 27
    581: 153
    582: 156
    583: 41
    584: 245
    585: 61
    586: 65
    587: 51
    588: 154
    589: 187
    590: 118
    591: 115
    592: 161
    593: 217
    594: 42
    595: 43
    596: 73
    597: 183
    598: 45
    599: 109
    600: 62
    601: 244
    602: 218
    603: 214
    604: 183
    605: 222
    606: 45
    607: 203
    608: 240
    609: 126
    610: 89
    611: 109
    612: 222
    613: 46
    614: 219
    615: 75
    616: 111
    617: 28
    618: 42
    619: 189
    620: 241
    621: 4
    622: 205
    623: 104
    624: 126
    625: 98
    626: 170
    627: 181
    628: 194
    629: 90
    630: 178
    631: 198
    632: 131
    633: 12
    634: 45
    635: 65
    636: 134
    637: 150
    638: 32
    639: 67
    640: 75
    641: 144
    642: 161
    643: 37
    644: 200
    645: 208
    646: 18
    647: 100
    648: 104
    649: 9
    650: 50
    651: 180
    652: 4
    653: 25
    654: 90
    655: 130
    656: 12
    657: 45
    658: 65
    659: 134
    660: 150
    661: 32
    662: 67
    663: 75
    664: 144
    665: 161
    666: 37
    667: 200
    668: 232
    669: 246
    670: 123
    671: 226
    672: 119
    673: 199
    674: 255
    675: 152
    676: 250
    677: 241
    678: 92
    679: 89
    680: 134
    681: 43
    682: 173
    683: 254
    684: 169
    685: 133
    686: 94
    687: 164
    688: 187
    689: 107
    690: 235
    691: 240
    692: 230
    693: 161
    694: 193
    695: 82
    696: 223
    697: 111
    698: 115
    699: 19
    700: 183
    701: 218
    702: 179
    703: 165
    704: 190
    705: 209
    706: 91
    707: 119
    708: 54
    709: 220
    710: 157
    711: 47
    712: 245
    713: 93
    714: 105
    715: 247
    716: 79
    717: 181
    718: 215
    719: 150
    720: 250
    721: 118
    722: 109
    723: 91
    724: 238
    725: 140
    726: 22
    727: 90
    728: 237
    729: 178
    730: 194
    731: 116
    732: 219
    733: 210
    734: 228
    735: 217
    736: 111
    737: 166
    738: 47
    739: 156
    740: 47
    741: 203
    742: 240
    743: 249
    744: 157
    745: 225
    746: 11
    747: 205
    748: 129
    749: 82
    750: 223
    751: 71
    752: 111
    753: 190
    754: 126
    755: 112
    756: 103
    757: 47
    758: 126
    759: 13
    760: 241
    761: 229
    762: 141
    763: 239
    764: 126
    765: 152
    766: 29
    767: 47
    768: 245
    769: 189
    770: 115
    771: 254
    772: 202
    773: 203
    774: 127
    775: 78
    776: 149
    777: 250
    778: 158
    779: 160
    780: 25
    781: 181
    782: 231
    783: 154
    784: 101
    785: 133
    786: 233
    787: 182
    788: 165
    789: 230
    790: 141
    791: 191
    792: 58
    793: 215
    794: 178
    795: 12
    796: 151
    797: 166
    798: 167
    799: 46
    800: 54
    801: 135
    802: 74
    803: 125
    804: 183
    805: 174
    806: 79
    807: 182
    808: 158
    809: 237
    810: 197
    811: 111
    812: 1
    813: 199
    814: 39
    815: 174
    816: 253
    817: 60
    818: 243
    819: 123
    820: 169
    821: 239
    822: 230
    823: 229
    824: 95
    825: 239
    826: 140
    827: 79
    828: 150
    829: 250
    830: 86
    831: 223
    832: 140
    833: 122
    834: 201
    835: 126
    836: 9
    837: 50
    838: 180
    839: 4
    840: 25
    841: 90
    842: 130
    843: 12
    844: 45
    845: 65
    846: 134
    847: 150
    848: 32
    849: 67
    850: 75
    851: 144
    852: 161
    853: 37
    854: 200
    855: 208
    856: 18
    857: 100
    858: 104
    859: 9
    860: 50
    861: 180
    862: 4
    863: 25
    864: 90
    865: 130
    866: 12
    867: 45
    868: 65
    869: 134
    870: 150
    871: 32
    872: 67
    873: 75
    874: 144
    875: 161
    876: 37
    877: 200
    878: 208
    879: 18
    880: 100
    881: 104
    882: 9
    883: 50
    884: 180
    885: 4
    886: 25
    887: 90
    888: 130
    889: 12
    890: 45
    891: 65
    892: 134
    893: 150
    894: 32
    895: 67
    896: 75
    897: 144
    898: 161
    899: 37
    900: 200
    901: 208
    902: 18
    903: 100
    904: 104
    905: 9
    906: 50
    907: 180
    908: 4
    909: 25
    910: 90
    911: 130
    912: 12
    913: 45
    914: 65
    915: 134
    916: 150
    917: 32
    918: 67
    919: 75
    920: 144
    921: 161
    922: 37
    923: 200
    924: 208
    925: 18
    926: 100
    927: 104
    928: 9
    929: 50
    930: 180
    931: 4
    932: 25
    933: 90
    934: 130
    935: 12
    936: 45
    937: 65
    938: 134
    939: 150
    940: 32
    941: 67
    942: 75
    943: 144
    944: 161
    945: 37
    946: 200
    947: 208
    948: 18
    949: 100
    950: 104
    951: 9
    952: 50
    953: 180
    954: 4
    955: 25
    956: 90
    957: 130
    958: 12
    959: 45
    960: 65
    961: 134
    962: 150
    963: 32
    964: 67
    965: 75
    966: 144
    967: 161
    968: 37
    969: 200
    970: 208
    971: 18
    972: 100
    973: 104
    974: 9
    975: 50
    976: 180
    977: 4
    978: 25
    979: 90
    980: 130
    981: 12
    982: 45
    983: 65
    984: 134
    985: 150
    986: 32
    987: 67
    988: 75
    989: 144
    990: 161
    991: 37
    992: 200
    993: 208
    994: 18
    995: 100
    996: 104
    997: 9
    998: 50
    999: 180
    1000: 4
    1001: 25
    1002: 90
    1003: 130
    1004: 12
    1005: 45
    1006: 65
    1007: 134
    1008: 150
    1009: 32
    1010: 67
    1011: 75
    1012: 144
    1013: 161
    1014: 37
    1015: 200
    1016: 208
    1017: 18
    1018: 100
    1019: 104
    1020: 9
    1021: 50
    1022: 180
    1023: 4
    1024: 25
    1025: 90
    1026: 130
    1027: 12
    1028: 45
    1029: 65
    1030: 134
    1031: 150
    1032: 32
    1033: 67
    1034: 75
    1035: 144
    1036: 161
    1037: 37
    1038: 200
    1039: 208
    1040: 18
    1041: 100
    1042: 104
    1043: 9
    1044: 50
    1045: 180
    1046: 4
    1047: 25
    1048: 90
    1049: 130
    1050: 12
    1051: 45
    1052: 65
    1053: 134
    1054: 150
    1055: 32
    1056: 67
    1057: 75
    1058: 144
    1059: 161
    1060: 37
    1061: 200
    1062: 208
    1063: 18
    1064: 100
    1065: 104
    1066: 9
    1067: 50
    1068: 180
    1069: 4
    1070: 25
    1071: 90
    1072: 130
    1073: 12
    1074: 45
    1075: 65
    1076: 134
    1077: 150
    1078: 32
    1079: 67
    1080: 75
    1081: 144
    1082: 161
    1083: 37
    1084: 200
    1085: 208
    1086: 18
    1087: 100
    1088: 104
    1089: 9
    1090: 50
    1091: 180
    1092: 4
    1093: 25
    1094: 90
    1095: 130
    1096: 12
    1097: 45
    1098: 65
    1099: 134
    1100: 150
    1101: 32
    1102: 67
    1103: 75
    1104: 144
    1105: 161
    1106: 37
    1107: 200
    1108: 208
    1109: 18
    1110: 100
    1111: 104
    1112: 9
    1113: 50
    1114: 180
    1115: 4
    1116: 25
    1117: 90
    1118: 130
    1119: 12
    1120: 45
    1121: 65
    1122: 134
    1123: 150
    1124: 32
    1125: 67
    1126: 75
    1127: 144
    1128: 161
    1129: 37
    1130: 200
    1131: 208
    1132: 18
    1133: 100
    1134: 104
    1135: 9
    1136: 50
    1137: 180
    1138: 4
    1139: 25
    1140: 90
    1141: 130
    1142: 12
    1143: 45
    1144: 65
    1145: 134
    1146: 150
    1147: 32
    1148: 67
    1149: 75
    1150: 144
    1151: 161
    1152: 37
    1153: 200
    1154: 208
    1155: 18
    1156: 100
    1157: 104
    1158: 9
    1159: 50
    1160: 180
    1161: 4
    1162: 25
    1163: 90
    1164: 130
    1165: 12
    1166: 45
    1167: 65
    1168: 134
    1169: 150
    1170: 32
    1171: 67
    1172: 75
    1173: 144
    1174: 161
    1175: 37
    1176: 200
    1177: 208
    1178: 18
    1179: 100
    1180: 104
    1181: 9
    1182: 50
    1183: 180
    1184: 4
    1185: 25
    1186: 90
    1187: 130
    1188: 12
    1189: 45
    1190: 65
    1191: 134
    1192: 150
    1193: 32
    1194: 67
    1195: 75
    1196: 144
    1197: 161
    1198: 37
    1199: 200
    1200: 208
    1201: 18
    1202: 100
    1203: 104
    1204: 9
    1205: 50
    1206: 180
    1207: 4
    1208: 25
    1209: 90
    1210: 130
    1211: 140
    1212: 198
    1213: 189
    1214: 135
    1215: 117
    1216: 91
    1217: 71
    1218: 75
    1219: 101
    1220: 35
    1221: 27
    1222: 135
    1223: 95
    1224: 152
    1225: 31
    1226: 44
    1227: 245
    1228: 13
    1229: 110
    1230: 92
    1231: 223
    1232: 55
    1233: 208
    1234: 95
    1235: 234
    1236: 219
    1237: 178
    1238: 254
    1239: 233
    1240: 209
    1241: 53
    1242: 207
    1243: 148
    1244: 250
    1245: 214
    1246: 15
    1247: 223
    1248: 94
    1249: 215
    1250: 26
    1251: 42
    1252: 245
    1253: 173
    1254: 202
    1255: 25
    1256: 61
    1257: 215
    1258: 147
    1259: 25
    1260: 117
    1261: 244
    1262: 29
    1263: 62
    1264: 118
    1265: 177
    1266: 243
    1267: 112
    1268: 250
    1269: 228
    1270: 246
    1271: 2
    1272: 60
    1273: 186
    1274: 163
    1275: 39
    1276: 46
    1277: 151
    1278: 127
    1279: 11
    1280: 178
    1281: 198
    1282: 131
    1283: 12
    1284: 45
    1285: 65
    1286: 134
    1287: 150
    1288: 32
    1289: 67
    1290: 75
    1291: 144
    1292: 161
    1293: 37
    1294: 200
    1295: 208
    1296: 18
    1297: 100
    1298: 104
    1299: 9
    1300: 50
    1301: 238
    1302: 159
    1303: 95
    1304: 90
    1305: 228
    1306: 68
    1307: 19
    1308: 116
    1309: 233
    1310: 222
    1311: 153
    1312: 165
    1313: 69
    1314: 141
    1315: 51
    1316: 167
    1317: 246
    1318: 44
    1319: 62
    1320: 57
    1321: 114
    1322: 124
    1323: 172
    1324: 0
    1325: 93
    1326: 123
    1327: 56
    1328: 159
    1329: 198
    1330: 146
    1331: 215
    1332: 150
    1333: 164
    1334: 6
    1335: 116
    1336: 201
    1337: 126
    1338: 9
    1339: 50
    1340: 150
    1341: 30
    1342: 151
    1343: 236
    1344: 151
    1345: 160
    1346: 75
    1347: 75
    1348: 22
    1349: 113
    1350: 255
    1351: 0
    1352: 0
    1353: 0
    1354: 255
    1355: 255
    1356: 155
    1357: 125
    1358: 152
    1359: 113
    1360: 0
    1361: 0
    1362: 0
    1363: 6
    1364: 73
    1365: 68
    1366: 65
    1367: 84
    1368: 3
    1369: 0
    1370: 187
    1371: 207
    1372: 222
    1373: 239
    1374: 201
    1375: 236
    1376: 100
    1377: 240
    1378: 0
    1379: 0
    1380: 0
    1381: 0
    1382: 73
    1383: 69
    1384: 78
    1385: 68
    1386: 174
    1387: 66
    1388: 96
    1389: 130
  actual:
    0: 137
    1: 80
    2: 78
    3: 71
    4: 13
    5: 10
    6: 26
    7: 10
    8: 0
    9: 0
    10: 0
    11: 13
    12: 73
    13: 72
    14: 68
    15: 82
    16: 0
    17: 0
    18: 1
    19: 25
    20: 0
    21: 0
    22: 0
    23: 244
    24: 8
    25: 2
    26: 0
    27: 0
    28: 0
    29: 32
    30: 223
    31: 197
    32: 168
    33: 0
    34: 0
    35: 5
    36: 30
    37: 73
    38: 68
    39: 65
    40: 84
    41: 120
    42: 156
    43: 236
    44: 221
    45: 207
    46: 139
    47: 212
    48: 117
    49: 28
    50: 199
    51: 241
    52: 207
    53: 230
    54: 216
    55: 186
    56: 110
    57: 138
    58: 110
    59: 203
    60: 150
    61: 150
    62: 63
    63: 82
    64: 73
    65: 68
    66: 47
    67: 69
    68: 199
    69: 136
    70: 46
    71: 117
    72: 244
    73: 160
    74: 39
    75: 187
    76: 152
    77: 82
    78: 71
    79: 47
    80: 254
    81: 1
    82: 221
    83: 234
    84: 208
    85: 41
    86: 241
    87: 210
    88: 73
    89: 242
    90: 15
    91: 16
    92: 58
    93: 68
    94: 167
    95: 34
    96: 188
    97: 4
    98: 93
    99: 34
    100: 130
    101: 66
    102: 69
    103: 16
    104: 140
    105: 52
    106: 215
    107: 31
    108: 169
    109: 227
    110: 186
    111: 63
    112: 102
    113: 103
    114: 167
    115: 33
    116: 109
    117: 145
    118: 237
    119: 50
    120: 187
    121: 243
    122: 250
    123: 12
    124: 171
    125: 60
    126: 30
    127: 204
    128: 15
    129: 134
    130: 153
    131: 219
    132: 123
    133: 158
    134: 243
    135: 253
    136: 124
    137: 248
    138: 206
    139: 48
    140: 141
    141: 78
    142: 167
    143: 83
    144: 254
    145: 115
    146: 248
    147: 248
    148: 197
    149: 179
    150: 167
    151: 183
    152: 23
    153: 160
    154: 7
    155: 71
    156: 79
    157: 92
    158: 61
    159: 119
    160: 102
    161: 239
    162: 226
    163: 195
    164: 198
    165: 255
    166: 159
    167: 46
    168: 192
    169: 242
    170: 61
    171: 87
    172: 128
    173: 132
    174: 165
    175: 199
    176: 37
    177: 107
    178: 60
    179: 232
    180: 209
    181: 146
    182: 69
    183: 92
    184: 163
    185: 187
    186: 71
    187: 42
    188: 192
    189: 138
    190: 60
    191: 153
    192: 207
    193: 208
    194: 161
    195: 99
    196: 23
    197: 138
    198: 195
    199: 17
    200: 172
    201: 212
    202: 163
    203: 163
    204: 83
    205: 183
    206: 32
    207: 251
    208: 37
    209: 200
    210: 208
    211: 18
    212: 100
    213: 104
    214: 9
    215: 50
    216: 180
    217: 4
    218: 25
    219: 90
    220: 130
    221: 12
    222: 45
    223: 65
    224: 134
    225: 150
    226: 32
    227: 67
    228: 75
    229: 144
    230: 161
    231: 37
    232: 200
    233: 208
    234: 18
    235: 100
    236: 104
    237: 9
    238: 50
    239: 180
    240: 4
    241: 25
    242: 90
    243: 130
    244: 12
    245: 45
    246: 65
    247: 134
    248: 150
    249: 32
    250: 67
    251: 75
    252: 144
    253: 161
    254: 37
    255: 200
    256: 208
    257: 18
    258: 100
    259: 104
    260: 9
    261: 50
    262: 180
    263: 4
    264: 25
    265: 90
    266: 130
    267: 12
    268: 45
    269: 65
    270: 134
    271: 150
    272: 32
    273: 67
    274: 75
    275: 144
    276: 161
    277: 37
    278: 200
    279: 208
    280: 18
    281: 100
    282: 104
    283: 9
    284: 50
    285: 180
    286: 4
    287: 25
    288: 90
    289: 130
    290: 12
    291: 45
    292: 65
    293: 134
    294: 150
    295: 32
    296: 227
    297: 241
    298: 255
    299: 2
    300: 54
    301: 127
    302: 252
    303: 161
    304: 84
    305: 246
    306: 123
    307: 107
    308: 228
    309: 126
    310: 103
    311: 77
    312: 169
    313: 239
    314: 205
    315: 93
    316: 219
    317: 54
    318: 143
    319: 174
    320: 47
    321: 245
    322: 253
    323: 58
    324: 115
    325: 253
    326: 110
    327: 123
    328: 186
    329: 212
    330: 247
    331: 250
    332: 205
    333: 7
    334: 27
    335: 102
    336: 91
    337: 165
    338: 62
    339: 51
    340: 90
    341: 145
    342: 177
    343: 238
    344: 245
    345: 231
    346: 191
    347: 46
    348: 61
    349: 110
    350: 233
    351: 218
    352: 231
    353: 159
    354: 148
    355: 202
    356: 78
    357: 53
    358: 183
    359: 252
    360: 54
    361: 63
    362: 82
    363: 234
    364: 251
    365: 242
    366: 227
    367: 35
    368: 111
    369: 237
    370: 30
    371: 196
    372: 95
    373: 179
    374: 125
    375: 117
    376: 253
    377: 155
    378: 95
    379: 166
    380: 175
    381: 149
    382: 250
    383: 78
    384: 158
    385: 191
    386: 180
    387: 119
    388: 178
    389: 89
    390: 234
    391: 51
    392: 163
    393: 21
    394: 216
    395: 81
    396: 78
    397: 118
    398: 111
    399: 239
    400: 207
    401: 61
    402: 180
    403: 198
    404: 131
    405: 12
    406: 45
    407: 65
    408: 134
    409: 150
    410: 32
    411: 67
    412: 75
    413: 144
    414: 161
    415: 37
    416: 200
    417: 208
    418: 18
    419: 100
    420: 104
    421: 9
    422: 50
    423: 180
    424: 4
    425: 25
    426: 90
    427: 130
    428: 12
    429: 45
    430: 65
    431: 134
    432: 150
    433: 32
    434: 67
    435: 75
    436: 144
    437: 161
    438: 37
    439: 200
    440: 208
    441: 18
    442: 100
    443: 104
    444: 9
    445: 50
    446: 180
    447: 4
    448: 25
    449: 90
    450: 130
    451: 12
    452: 45
    453: 65
    454: 134
    455: 150
    456: 32
    457: 67
    458: 75
    459: 144
    460: 161
    461: 37
    462: 200
    463: 208
    464: 18
    465: 100
    466: 104
    467: 9
    468: 50
    469: 180
    470: 4
    471: 25
    472: 90
    473: 130
    474: 12
    475: 45
    476: 65
    477: 134
    478: 150
    479: 32
    480: 67
    481: 75
    482: 144
    483: 161
    484: 37
    485: 200
    486: 208
    487: 18
    488: 100
    489: 104
    490: 9
    491: 50
    492: 180
    493: 4
    494: 25
    495: 90
    496: 130
    497: 12
    498: 45
    499: 65
    500: 134
    501: 150
    502: 32
    503: 67
    504: 75
    505: 144
    506: 161
    507: 37
    508: 200
    509: 208
    510: 18
    511: 100
    512: 104
    513: 9
    514: 50
    515: 180
    516: 4
    517: 25
    518: 90
    519: 130
    520: 12
    521: 45
    522: 65
    523: 70
    524: 163
    525: 199
    526: 215
    527: 141
    528: 238
    529: 59
    530: 48
    531: 178
    532: 115
    533: 119
    534: 233
    535: 195
    536: 123
    537: 51
    538: 155
    539: 246
    540: 183
    541: 215
    542: 150
    543: 250
    544: 94
    545: 221
    546: 183
    547: 115
    548: 120
    549: 124
    550: 172
    551: 212
    552: 247
    553: 246
    554: 232
    555: 27
    556: 59
    557: 90
    558: 187
    559: 74
    560: 125
    561: 123
    562: 134
    563: 246
    564: 140
    565: 55
    566: 103
    567: 74
    568: 125
    569: 3
    570: 155
    571: 209
    572: 43
    573: 125
    574: 207
    575: 104
    576: 238
    577: 198
    578: 157
    579: 78
    580: 123
    581: 161
    582: 172
    583: 38
    584: 189
    585: 182
    586: 52
    587: 246
    588: 238
    589: 251
    590: 19
    591: 135
    592: 62
    593: 40
    594: 125
    595: 56
    596: 81
    597: 158
    598: 53
    599: 31
    600: 150
    601: 29
    602: 101
    603: 48
    604: 222
    605: 41
    606: 131
    607: 241
    608: 20
    609: 205
    610: 168
    611: 117
    612: 231
    613: 126
    614: 167
    615: 61
    616: 87
    617: 86
    618: 19
    619: 107
    620: 60
    621: 200
    622: 208
    623: 18
    624: 100
    625: 104
    626: 9
    627: 50
    628: 180
    629: 4
    630: 25
    631: 90
    632: 130
    633: 12
    634: 45
    635: 65
    636: 134
    637: 150
    638: 32
    639: 67
    640: 75
    641: 144
    642: 161
    643: 37
    644: 200
    645: 208
    646: 18
    647: 100
    648: 104
    649: 9
    650: 50
    651: 180
    652: 4
    653: 25
    654: 90
    655: 130
    656: 140
    657: 94
    658: 191
    659: 39
    660: 222
    661: 186
    662: 115
    663: 123
    664: 250
    665: 202
    666: 229
    667: 210
    668: 135
    669: 155
    670: 11
    671: 141
    672: 233
    673: 206
    674: 32
    675: 210
    676: 221
    677: 178
    678: 121
    679: 227
    680: 232
    681: 240
    682: 112
    683: 169
    684: 239
    685: 198
    686: 124
    687: 243
    688: 225
    689: 66
    690: 171
    691: 212
    692: 55
    693: 54
    694: 53
    695: 55
    696: 50
    697: 223
    698: 46
    699: 245
    700: 13
    701: 110
    702: 70
    703: 155
    704: 54
    705: 142
    706: 174
    707: 235
    708: 107
    709: 70
    710: 157
    711: 133
    712: 213
    713: 245
    714: 131
    715: 139
    716: 210
    717: 123
    718: 75
    719: 183
    720: 190
    721: 253
    722: 250
    723: 239
    724: 243
    725: 223
    726: 149
    727: 62
    728: 124
    729: 49
    730: 53
    731: 113
    732: 185
    733: 61
    734: 136
    735: 183
    736: 248
    737: 103
    738: 71
    739: 14
    740: 238
    741: 223
    742: 182
    743: 181
    744: 212
    745: 119
    746: 106
    747: 242
    748: 251
    749: 11
    750: 51
    751: 147
    752: 165
    753: 190
    754: 143
    755: 126
    756: 186
    757: 242
    758: 218
    759: 237
    760: 169
    761: 82
    762: 223
    763: 192
    764: 102
    765: 244
    766: 233
    767: 145
    768: 131
    769: 7
    770: 250
    771: 155
    772: 81
    773: 167
    774: 53
    775: 136
    776: 15
    777: 151
    778: 101
    779: 233
    780: 181
    781: 165
    782: 249
    783: 230
    784: 189
    785: 238
    786: 165
    787: 244
    788: 97
    789: 178
    790: 185
    791: 240
    792: 199
    793: 252
    794: 72
    795: 169
    796: 111
    797: 234
    798: 222
    799: 212
    800: 194
    801: 248
    802: 108
    803: 169
    804: 239
    805: 246
    806: 131
    807: 187
    808: 127
    809: 78
    810: 223
    811: 42
    812: 245
    813: 53
    814: 111
    815: 94
    816: 159
    817: 157
    818: 108
    819: 150
    820: 250
    821: 6
    822: 54
    823: 163
    824: 135
    825: 131
    826: 154
    827: 209
    828: 32
    829: 217
    830: 47
    831: 65
    832: 134
    833: 150
    834: 32
    835: 67
    836: 75
    837: 144
    838: 161
    839: 37
    840: 200
    841: 208
    842: 18
    843: 100
    844: 104
    845: 9
    846: 50
    847: 180
    848: 4
    849: 25
    850: 90
    851: 130
    852: 12
    853: 45
    854: 65
    855: 134
    856: 150
    857: 32
    858: 67
    859: 75
    860: 144
    861: 161
    862: 37
    863: 200
    864: 208
    865: 18
    866: 100
    867: 104
    868: 9
    869: 50
    870: 180
    871: 4
    872: 25
    873: 90
    874: 130
    875: 12
    876: 45
    877: 65
    878: 134
    879: 150
    880: 32
    881: 67
    882: 75
    883: 144
    884: 161
    885: 37
    886: 200
    887: 208
    888: 18
    889: 100
    890: 104
    891: 9
    892: 50
    893: 180
    894: 4
    895: 25
    896: 90
    897: 130
    898: 12
    899: 45
    900: 65
    901: 134
    902: 150
    903: 32
    904: 67
    905: 75
    906: 144
    907: 161
    908: 37
    909: 200
    910: 208
    911: 18
    912: 100
    913: 104
    914: 9
    915: 50
    916: 180
    917: 4
    918: 25
    919: 90
    920: 130
    921: 12
    922: 45
    923: 65
    924: 134
    925: 150
    926: 32
    927: 67
    928: 75
    929: 144
    930: 161
    931: 37
    932: 200
    933: 208
    934: 18
    935: 100
    936: 104
    937: 9
    938: 50
    939: 180
    940: 4
    941: 25
    942: 90
    943: 130
    944: 12
    945: 45
    946: 65
    947: 134
    948: 150
    949: 32
    950: 67
    951: 75
    952: 144
    953: 161
    954: 37
    955: 200
    956: 208
    957: 18
    958: 100
    959: 104
    960: 9
    961: 50
    962: 180
    963: 4
    964: 25
    965: 90
    966: 130
    967: 12
    968: 45
    969: 65
    970: 134
    971: 150
    972: 32
    973: 67
    974: 75
    975: 144
    976: 161
    977: 37
    978: 200
    979: 208
    980: 18
    981: 100
    982: 104
    983: 9
    984: 50
    985: 180
    986: 4
    987: 25
    988: 90
    989: 130
    990: 12
    991: 45
    992: 65
    993: 134
    994: 150
    995: 32
    996: 67
    997: 75
    998: 144
    999: 161
    1000: 37
    1001: 200
    1002: 208
    1003: 18
    1004: 100
    1005: 104
    1006: 9
    1007: 50
    1008: 180
    1009: 4
    1010: 25
    1011: 90
    1012: 130
    1013: 12
    1014: 45
    1015: 65
    1016: 134
    1017: 150
    1018: 32
    1019: 67
    1020: 75
    1021: 144
    1022: 161
    1023: 37
    1024: 200
    1025: 208
    1026: 18
    1027: 100
    1028: 104
    1029: 9
    1030: 50
    1031: 180
    1032: 4
    1033: 25
    1034: 90
    1035: 130
    1036: 12
    1037: 45
    1038: 65
    1039: 134
    1040: 150
    1041: 32
    1042: 67
    1043: 75
    1044: 144
    1045: 161
    1046: 37
    1047: 200
    1048: 208
    1049: 18
    1050: 100
    1051: 104
    1052: 9
    1053: 50
    1054: 180
    1055: 4
    1056: 25
    1057: 90
    1058: 130
    1059: 12
    1060: 45
    1061: 65
    1062: 134
    1063: 150
    1064: 32
    1065: 67
    1066: 75
    1067: 144
    1068: 161
    1069: 37
    1070: 200
    1071: 208
    1072: 18
    1073: 100
    1074: 104
    1075: 9
    1076: 50
    1077: 180
    1078: 4
    1079: 25
    1080: 90
    1081: 130
    1082: 12
    1083: 45
    1084: 65
    1085: 134
    1086: 150
    1087: 32
    1088: 67
    1089: 75
    1090: 144
    1091: 161
    1092: 37
    1093: 200
    1094: 208
    1095: 18
    1096: 100
    1097: 104
    1098: 9
    1099: 50
    1100: 180
    1101: 4
    1102: 25
    1103: 90
    1104: 130
    1105: 12
    1106: 45
    1107: 65
    1108: 134
    1109: 150
    1110: 32
    1111: 67
    1112: 75
    1113: 144
    1114: 161
    1115: 37
    1116: 200
    1117: 208
    1118: 18
    1119: 100
    1120: 104
    1121: 9
    1122: 50
    1123: 180
    1124: 4
    1125: 25
    1126: 90
    1127: 130
    1128: 12
    1129: 45
    1130: 65
    1131: 134
    1132: 150
    1133: 32
    1134: 67
    1135: 75
    1136: 144
    1137: 161
    1138: 37
    1139: 200
    1140: 208
    1141: 18
    1142: 100
    1143: 104
    1144: 9
    1145: 50
    1146: 180
    1147: 4
    1148: 25
    1149: 90
    1150: 130
    1151: 12
    1152: 45
    1153: 65
    1154: 134
    1155: 150
    1156: 32
    1157: 67
    1158: 75
    1159: 144
    1160: 161
    1161: 37
    1162: 200
    1163: 208
    1164: 18
    1165: 100
    1166: 104
    1167: 9
    1168: 50
    1169: 180
    1170: 4
    1171: 25
    1172: 90
    1173: 130
    1174: 12
    1175: 45
    1176: 65
    1177: 134
    1178: 150
    1179: 32
    1180: 67
    1181: 75
    1182: 144
    1183: 161
    1184: 37
    1185: 200
    1186: 208
    1187: 18
    1188: 100
    1189: 104
    1190: 9
    1191: 50
    1192: 180
    1193: 4
    1194: 25
    1195: 90
    1196: 130
    1197: 12
    1198: 45
    1199: 65
    1200: 134
    1201: 150
    1202: 32
    1203: 67
    1204: 75
    1205: 144
    1206: 209
    1207: 120
    1208: 116
    1209: 183
    1210: 246
    1211: 165
    1212: 173
    1213: 165
    1214: 178
    1215: 137
    1216: 23
    1217: 38
    1218: 238
    1219: 181
    1220: 135
    1221: 75
    1222: 125
    1223: 235
    1224: 54
    1225: 140
    1226: 12
    1227: 173
    1228: 123
    1229: 190
    1230: 212
    1231: 247
    1232: 226
    1233: 232
    1234: 166
    1235: 173
    1236: 107
    1237: 102
    1238: 75
    1239: 125
    1240: 235
    1241: 199
    1242: 95
    1243: 94
    1244: 59
    1245: 180
    1246: 161
    1247: 212
    1248: 247
    1249: 76
    1250: 206
    1251: 104
    1252: 203
    1253: 64
    1254: 102
    1255: 212
    1256: 53
    1257: 116
    1258: 232
    1259: 216
    1260: 133
    1261: 238
    1262: 221
    1263: 217
    1264: 211
    1265: 219
    1266: 11
    1267: 176
    1268: 124
    1269: 71
    1270: 79
    1271: 92
    1272: 45
    1273: 255
    1274: 22
    1275: 100
    1276: 141
    1277: 7
    1278: 25
    1279: 90
    1280: 130
    1281: 12
    1282: 45
    1283: 65
    1284: 134
    1285: 150
    1286: 32
    1287: 67
    1288: 75
    1289: 144
    1290: 161
    1291: 37
    1292: 200
    1293: 208
    1294: 18
    1295: 100
    1296: 60
    1297: 62
    1298: 191
    1299: 180
    1300: 200
    1301: 137
    1302: 38
    1303: 232
    1304: 209
    1305: 163
    1306: 51
    1307: 75
    1308: 139
    1309: 26
    1310: 231
    1311: 206
    1312: 236
    1313: 93
    1314: 124
    1315: 112
    1316: 248
    1317: 248
    1318: 197
    1319: 2
    1320: 244
    1321: 236
    1322: 201
    1323: 124
    1324: 26
    1325: 75
    1326: 158
    1327: 91
    1328: 146
    1329: 26
    1330: 208
    1331: 35
    1332: 251
    1333: 37
    1334: 200
    1335: 88
    1336: 122
    1337: 92
    1338: 178
    1339: 95
    1340: 130
    1341: 30
    1342: 45
    1343: 89
    1344: 196
    1345: 253
    1346: 3
    1347: 0
    1348: 0
    1349: 255
    1350: 255
    1351: 217
    1352: 171
    1353: 192
    1354: 226
    1355: 0
    1356: 0
    1357: 0
    1358: 6
    1359: 73
    1360: 68
    1361: 65
    1362: 84
    1363: 3
    1364: 0
    1365: 36
    1366: 82
    1367: 225
    1368: 218
    1369: 215
    1370: 105
    1371: 80
    1372: 190
    1373: 0
    1374: 0
    1375: 0
    1376: 0
    1377: 73
    1378: 69
    1379: 78
    1380: 68
    1381: 174
    1382: 66
    1383: 96
    1384: 130
  operator: 'deepStrictEqual'
  stack: |-
    TestContext.<anonymous> (file:///private/tmp/ppte8/dist/tests/audit-followup-r03.test.js:63:24)
    async Test.run (node:internal/test_runner/test:1054:7)
    async Test.processPendingSubtests (node:internal/test_runner/test:744:7)
  ...
# Subtest: R03 contain left-top: browser preview, no-op bytes/history, actual move/download/fresh reopen
ok 12 - R03 contain left-top: browser preview, no-op bytes/history, actual move/download/fresh reopen
  ---
  duration_ms: 4015.566708
  type: 'test'
  ...
# Subtest: R03 contain right-bottom: browser preview, no-op bytes/history, actual move/download/fresh reopen
ok 13 - R03 contain right-bottom: browser preview, no-op bytes/history, actual move/download/fresh reopen
  ---
  duration_ms: 4199.713917
  type: 'test'
  ...
# Subtest: R03 contain edge-lengths: browser preview, no-op bytes/history, actual move/download/fresh reopen
not ok 14 - R03 contain edge-lengths: browser preview, no-op bytes/history, actual move/download/fresh reopen
  ---
  duration_ms: 1920.621458
  type: 'test'
  location: '/private/tmp/ppte8/dist/tests/audit-followup-r03.test.js:44:9'
  failureType: 'testCodeFailure'
  error: |-
    no-op rendered image pixels unchanged
    + actual - expected
    ... Skipped lines
    
    + Buffer(1306) [Uint8Array] [
    - Buffer(1280) [Uint8Array] [
        137,
        80,
        78,
        71,
        13,
    ...
        4,
    +   207,
    -   181,
        73,
        68,
        65,
        84,
        120,
    ...
        139,
    +   93,
    +   85,
    +   31,
    -   92,
    -   101,
    -   28,
        128,
        225,
    +   149,
    +   201,
    +   225,
    +   131,
    +   140,
    +   73,
    +   190,
    +   92,
    +   4,
    -   207,
    -   205,
    -   32,
    -   100,
    -   77,
    -   98,
    -   46,
    -   130,
    -   218,
    -   164,
        181,
    +   73,
    +   107,
    +   39,
    +   94,
    +   10,
    +   193,
    +   70,
    +   45,
    -   19,
    -   47,
    -   133,
    -   96,
    -   227,
    -   5,
        4,
        173,
    +   68,
    +   45,
    +   4,
    +   27,
    +   209,
    +   66,
    +   65,
    -   132,
    -   88,
    -   8,
    -   54,
    -   162,
    -   133,
    -   130,
    -   40,
    -   8,
    -   250,
    -   39,
    -   136,
    -   22,
    -   22,
    -   10,
    -   130,
    -   157,
    -   130,
    -   133,
    -   118,
    -   105,
    -   180,
    -   83,
    -   123,
    -   21,
    -   180,
    -   144,
        20,
    +   4,
    +   253,
    +   23,
    +   212,
    +   194,
    +   66,
    +   65,
    -   94,
    -   64,
    -   139,
    -   128,
    -   72,
    -   136,
    -   132,
    -   132,
    -   77,
    -   54,
    -   36,
    -   110,
    -   50,
    -   6,
    -   179,
    -   134,
        176,
    +   51,
    +   96,
    +   161,
    +   93,
    +   26,
    +   237,
    -   54,
    -   147,
    -   228,
    -   61,
    -   3,
    -   89,
    -   158,
    -   167,
    -   57,
    -   12,
    -   195,
    -   199,
        20,
    +   107,
    +   47,
    +   104,
    +   33,
    +   41,
    +   188,
    +   128,
    +   22,
    +   1,
    +   17,
    +   81,
    +   162,
    +   113,
    +   226,
    +   232,
    +   196,
    +   153,
    +   28,
    +   131,
    +   25,
    +   131,
    +   140,
    +   205,
    +   49,
    -   63,
    -   94,
        190,
    +   251,
    +   128,
    +   227,
    -   239,
    -   28,
    -   24,
    -   206,
    -   108,
    -   62,
    -   159,
    -   143,
    -   255,
    -   60,
        243,
    +   52,
    +   135,
    +   195,
    +   102,
    +   113,
    +   138,
    +   31,
    -   226,
        47,
    +   107,
    +   237,
    +   13,
    -   159,
    -   124,
    -   112,
    -   112,
    -   0,
    -   11,
    -   120,
    -   254,
    -   181,
    -   163,
        135,
    +   61,
    +   155,
    +   207,
    -   63,
    -   190,
        231,
    +   227,
    +   15,
    +   247,
    +   61,
    +   252,
    -   202,
    -   199,
        217,
    +   171,
    +   47,
    +   29,
    +   27,
    +   192,
    +   2,
    -   255,
    -   191,
        30,
    +   124,
    +   226,
    +   212,
    +   137,
    +   227,
    +   215,
    +   94,
    +   250,
    +   58,
    +   251,
    -   192,
    -   181,
    -   91,
    -   25,
    -   64,
    -   97,
        235,
    +   229,
    +   1,
    +   252,
    +   125,
    +   43,
    +   3,
    +   40,
    +   236,
    +   220,
    +   151,
    +   156,
    +   241,
    +   96,
    +   65,
    +   59,
    +   14,
    +   113,
    +   179,
    -   190,
    -   228,
    -   140,
    -   7,
        11,
    +   247,
    +   72,
    +   3,
    +   184,
    +   44,
    +   127,
    +   206,
    +   103,
    +   207,
    +   189,
    +   15,
    +   125,
    +   58,
    +   108,
    -   218,
    -   114,
    -   136,
    -   155,
    -   93,
    -   186,
        71,
    +   112,
    -   26,
    -   192,
    -   117,
        185,
    +   46,
    +   238,
    +   78,
    +   23,
    +   10,
    +   114,
    +   191,
    -   58,
    -   159,
    -   91,
    -   14,
    -   189,
    -   240,
    -   243,
    -   176,
    -   29,
    -   193,
    -   245,
    -   186,
    -   188,
    -   59,
    -   93,
    -   42,
    -   200,
    -   253,
    -   18,
    -   52,
    -   180,
        4,
        13,
        45,
        65,
        67,
    ...
        65,
    +   67,
    +   75,
    +   208,
    +   216,
    +   126,
    +   143,
    +   250,
    +   55,
    +   47,
    +   63,
    +   191,
    +   224,
    +   130,
    +   181,
    +   249,
    +   202,
    +   235,
    +   63,
    +   31,
    +   25,
    +   211,
    +   251,
    +   255,
    -   99,
    -   243,
    -   61,
        234,
    +   190,
        199,
    +   239,
    +   188,
    +   117,
    +   76,
    +   239,
    +   199,
    +   173,
    +   95,
    +   142,
    +   159,
    +   254,
    +   96,
    +   76,
    +   239,
    +   138,
    +   115,
    +   91,
    +   247,
    +   156,
    +   252,
    +   106,
    +   76,
    +   239,
    +   236,
    -   62,
        124,
    +   229,
    +   181,
    +   229,
    +   204,
    +   104,
    +   223,
    -   119,
    -   193,
    -   5,
    -   107,
    -   243,
    -   149,
    -   207,
    -   206,
    -   238,
    -   31,
    -   211,
    -   187,
    -   125,
    -   117,
    -   231,
    -   171,
    -   79,
    -   62,
    -   50,
    -   166,
    -   183,
    -   118,
    -   225,
    -   220,
    -   71,
    -   39,
        190,
    +   199,
    +   239,
    +   90,
    -   27,
    -   211,
    -   91,
    -   61,
    -   127,
    -   225,
    -   208,
    -   145,
    -   63,
        198,
    -   244,
    -   78,
    -   207,
    -   87,
    -   62,
    -   93,
    -   206,
        140,
    +   214,
    +   182,
    -   118,
    -   238,
    -   124,
    -   245,
    -   169,
    -   109,
    -   53,
    -   163,
    -   75,
    -   222,
    -   120,
    -   232,
    -   217,
    -   113,
    -   93,
        54,
    +   94,
    +   57,
    +   253,
    +   254,
    +   88,
    +   138,
    +   167,
    +   110,
    +   190,
    +   127,
    +   92,
    +   150,
    +   237,
    +   150,
    -   91,
    -   58,
    -   249,
    -   229,
    -   231,
    -   11,
    -   46,
    -   56,
        126,
    +   120,
    +   235,
    +   141,
    +   5,
    +   23,
    +   124,
    +   123,
    +   126,
    -   113,
        118,
    +   226,
    +   204,
    -   248,
    -   212,
        50,
        94,
        20,
        125,
    +   205,
    +   225,
    +   131,
    +   143,
    +   221,
    +   112,
    +   221,
    -   247,
    -   190,
    -   61,
    -   175,
    -   220,
    -   127,
    -   239,
        152,
        222,
    +   79,
    +   155,
    +   103,
    +   223,
    +   60,
    +   245,
    +   238,
    +   152,
    +   222,
    +   209,
    +   245,
    +   115,
    +   183,
    +   191,
    +   117,
    +   114,
    +   76,
    +   239,
    +   187,
    +   101,
    +   205,
    +   232,
    +   234,
    +   67,
    +   7,
    +   31,
    +   187,
    +   113,
    +   87,
    +   205,
    +   232,
    +   182,
    +   99,
    +   215,
    +   143,
    +   203,
    +   229,
    +   140,
    +   7,
    +   13,
    +   45,
    +   65,
    +   67,
    +   75,
    +   208,
    +   208,
    +   18,
    +   52,
    +   180,
    +   4,
    -   153,
        141,
    +   217,
    +   96,
    +   89,
    +   230,
    +   131,
    +   221,
    +   204,
    +   190,
    +   4,
    +   13,
    +   45,
    +   65,
    +   67,
    +   75,
    +   208,
    +   208,
    +   18,
    +   52,
    +   180,
    +   4,
    +   13,
    +   45,
    +   65,
    +   67,
    +   75,
    +   208,
    +   208,
    +   18,
    +   52,
    +   180,
    +   4,
    +   13,
    +   45,
    +   65,
    +   67,
    +   75,
    +   208,
    +   208,
    +   18,
    +   52,
    +   180,
    +   4,
    +   13,
    +   45,
    +   65,
    +   67,
    +   75,
    +   208,
    +   208,
    +   18,
    +   52,
    +   180,
    +   4,
    +   13,
    +   45,
    +   65,
    +   67,
    +   75,
    +   208,
    +   208,
    +   18,
    +   52,
    +   180,
    +   4,
    +   13,
    +   45,
    +   65,
    +   67,
    +   75,
    +   208,
    +   208,
    +   18,
    +   52,
    +   180,
    +   4,
    +   13,
    +   45,
    +   65,
    +   67,
    +   75,
    +   208,
    +   208,
    +   18,
    +   52,
    +   180,
    +   4,
    +   13,
    +   45,
    +   65,
    +   67,
    +   75,
    +   208,
    +   208,
    +   18,
    +   52,
    +   180,
    +   4,
    +   13,
    +   45,
    +   65,
    +   67,
    +   75,
    +   208,
    +   208,
    +   18,
    +   52,
    +   182,
    +   223,
    +   253,
    +   124,
        211,
    +   219,
    +   31,
    +   46,
    +   190,
    +   230,
    +   139,
    +   177,
    +   171,
    -   95,
        28,
    +   30,
    +   227,
    +   195,
    +   113,
    +   235,
    +   88,
    +   142,
    +   39,
    -   253,
    -   102,
    -   76,
    -   111,
    -   255,
    -   250,
    -   249,
        199,
    +   114,
    +   252,
    +   91,
    -   191,
    -   60,
    -   50,
    -   166,
    -   247,
    -   215,
    -   178,
        102,
    +   180,
    +   241,
    +   213,
    +   183,
    +   235,
    +   159,
    +   156,
    -   116,
    -   215,
    -   222,
    -   61,
    -   175,
    -   60,
    -   176,
    -   173,
    -   102,
    -   244,
    -   232,
    -   193,
    -   251,
    -   198,
    -   245,
    -   114,
    -   198,
    -   131,
    -   134,
    -   150,
    -   160,
    -   161,
    -   37,
    -   104,
    -   104,
    -   9,
        26,
    +   187,
    -   90,
        130,
    +   125,
    -   134,
    -   150,
    -   160,
    -   161,
    -   37,
    -   104,
    -   104,
        9,
        26,
        90,
        130,
        134,
    ...
        130,
    +   198,
    +   246,
    +   127,
    +   46,
    +   62,
    +   127,
    +   250,
    +   209,
    +   5,
    +   23,
    +   252,
    +   112,
    +   126,
    -   134,
    -   150,
    -   160,
    -   161,
    -   37,
    -   104,
    -   104,
    -   9,
    -   26,
    -   90,
    -   130,
    -   134,
    -   150,
    -   160,
    -   161,
    -   37,
    -   104,
    -   104,
    -   9,
    -   26,
    -   90,
    -   130,
    -   134,
    -   150,
    -   160,
    -   161,
    -   37,
    -   104,
    -   104,
    -   9,
    -   26,
    -   90,
    -   130,
    -   134,
    -   150,
    -   160,
    -   161,
    -   37,
    -   104,
    -   104,
    -   9,
    -   26,
    -   90,
    -   130,
    -   134,
    -   150,
    -   160,
    -   161,
    -   37,
    -   104,
    -   104,
    -   9,
    -   26,
    -   90,
    -   130,
    -   134,
    -   150,
    -   160,
    -   49,
    -   187,
    -   124,
    -   121,
    -   240,
    -   171,
        239,
    +   139,
    +   63,
    +   93,
    +   53,
    +   166,
    +   119,
    +   116,
    +   255,
    +   234,
    +   179,
    +   15,
    +   220,
    +   61,
    +   166,
    +   247,
    +   253,
    +   214,
    +   250,
    +   51,
    +   223,
    +   188,
    +   51,
    +   166,
    +   119,
    +   96,
    +   99,
    -   23,
    -   95,
        243,
    +   145,
    +   247,
    +   190,
    +   28,
    +   211,
    +   59,
    +   115,
    +   126,
    +   239,
    +   11,
    +   75,
    +   153,
    +   209,
    +   145,
    -   219,
    -   216,
    -   86,
    -   246,
    -   141,
    -   241,
        253,
    +   171,
    +   207,
    +   253,
    +   179,
    -   120,
    -   100,
    -   44,
    -   199,
    -   235,
    -   99,
    -   57,
    -   110,
    -   150,
        25,
    +   205,
    +   55,
    +   126,
    +   29,
    +   187,
    +   197,
    +   118,
    +   75,
    +   107,
    +   31,
    +   127,
    +   180,
    +   224,
    -   157,
    -   251,
    -   227,
    -   248,
    -   250,
    -   79,
    -   71,
    -   199,
    -   182,
    -   96,
    -   95,
        130,
    +   211,
    +   231,
    +   103,
    +   239,
    -   134,
    -   150,
    -   160,
    -   161,
    -   37,
    -   104,
    -   104,
    -   9,
    -   26,
    -   90,
    -   130,
    -   134,
    -   150,
    -   160,
    -   161,
    -   37,
    -   104,
    -   104,
    -   9,
    -   26,
    -   90,
    -   130,
    -   134,
    -   150,
    -   160,
    -   161,
    -   37,
    -   104,
    -   104,
    -   9,
    -   26,
    -   90,
    -   130,
    -   134,
    -   150,
    -   160,
    -   177,
    -   249,
        159,
    +   57,
    +   54,
    +   166,
    +   119,
    +   205,
    +   225,
    +   131,
    +   155,
    +   119,
    -   139,
    -   95,
    -   223,
    -   124,
    -   121,
    -   193,
    -   5,
    -   39,
    -   47,
    -   238,
    -   120,
    -   255,
    -   204,
    -   157,
    -   99,
    -   122,
    -   7,
    -   118,
        173,
    +   141,
    +   233,
    -   190,
        253,
    +   188,
    +   121,
    +   246,
    +   163,
    +   175,
    +   63,
    +   31,
    -   220,
        211,
    +   59,
    +   178,
    +   126,
    +   110,
    -   99,
    -   122,
    -   39,
    -   47,
    -   156,
    -   125,
    -   235,
    -   216,
    -   215,
    -   99,
    -   122,
    -   187,
    -   207,
    -   109,
    -   188,
    -   244,
        237,
    +   227,
    +   147,
    -   239,
        99,
        122,
    +   75,
    -   167,
    -   46,
    -   238,
    -   120,
    -   111,
    -   41,
    -   51,
    -   218,
    -   191,
    -   107,
    -   245,
    -   157,
    -   27,
        155,
        209,
    +   213,
    +   135,
    +   150,
    +   52,
    +   163,
    +   127,
    +   5,
    -   252,
    -   220,
    -   223,
    -   99,
    -   187,
    -   216,
    -   108,
    -   105,
    -   237,
    -   199,
    -   31,
    -   22,
    -   92,
    -   112,
    -   226,
    -   226,
    -   236,
    -   187,
    -   83,
    -   7,
    -   199,
    -   244,
    -   238,
    -   222,
    -   183,
        103,
    +   60,
    -   227,
    -   169,
    -   181,
    -   49,
    -   189,
    -   245,
    -   141,
    -   211,
    -   63,
    -   252,
    -   249,
    -   235,
    -   152,
    -   222,
    -   254,
    -   245,
    -   243,
    -   107,
    -   63,
    -   30,
    -   25,
    -   211,
    -   91,
    -   218,
    -   140,
    -   238,
    -   218,
    -   187,
    -   164,
    -   25,
    -   221,
    -   20,
    -   156,
    -   241,
    -   160,
    -   161,
    -   37,
        104,
        104,
        9,
        26,
        90,
    ...
        160,
    +   49,
    +   27,
    +   255,
    +   121,
    +   243,
    +   177,
    +   36,
    +   123,
    +   6,
    +   187,
    +   153,
    +   125,
    -   161,
    -   37,
    -   104,
    -   104,
        9,
        26,
        90,
        130,
        134,
    ...
        26,
    +   90,
    -   179,
    -   203,
    -   151,
    -   221,
    -   15,
    -   63,
    -   182,
    -   224,
        130,
    +   198,
    +   236,
    +   226,
    +   199,
    +   129,
    +   91,
    +   110,
    +   95,
    +   112,
    +   193,
    -   249,
        124,
    +   190,
    +   247,
    +   142,
    +   245,
    +   163,
    +   99,
    +   122,
    +   135,
    +   175,
    +   88,
    +   93,
    +   57,
    +   122,
    +   112,
    +   76,
    +   111,
    +   117,
    +   235,
    +   127,
    +   183,
    +   141,
    +   235,
        199,
    -   19,
    -   235,
    -   7,
    -   198,
        244,
        246,
    +   111,
    +   108,
    +   30,
    +   184,
    +   229,
    +   202,
    +   177,
    +   4,
    +   243,
    +   149,
    +   59,
    +   214,
    +   151,
    +   241,
    +   67,
    +   135,
    +   150,
    +   53,
    +   163,
    +   125,
    +   203,
    +   154,
    +   209,
    +   63,
    +   177,
    +   231,
    -   221,
    -   182,
    -   186,
    -   114,
    -   96,
    -   207,
    -   152,
        222,
    +   135,
    +   62,
    +   189,
    +   240,
    +   241,
    +   234,
    +   75,
    +   199,
    +   6,
    +   240,
    +   247,
    +   61,
    +   248,
    +   196,
    +   169,
    +   241,
    +   123,
    +   65,
        206,
    +   120,
    +   208,
    +   208,
    +   18,
    +   52,
    +   180,
    +   4,
    +   13,
    +   45,
    +   65,
    -   11,
    -   183,
    -   62,
    -   58,
    -   238,
    -   27,
    -   211,
    -   219,
    -   117,
    -   126,
        99,
    +   251,
    +   217,
    -   247,
        195,
    -   119,
    -   140,
        37,
    +   30,
    +   66,
    +   192,
    +   130,
    +   46,
    +   62,
    +   117,
    +   184,
    +   100,
    +   118,
    +   226,
    +   248,
    +   181,
    +   151,
    -   152,
    -   175,
    -   60,
    -   177,
        190,
    +   220,
    +   247,
    +   240,
    +   103,
    +   3,
    +   88,
    +   216,
    +   159,
    +   243,
    +   153,
    -   140,
    -   31,
    -   218,
    -   187,
        237,
    +   184,
    +   182,
    -   102,
    -   116,
        35,
    +   53,
    +   96,
    +   65,
    +   238,
    -   110,
    -   57,
    -   244,
    -   194,
    -   207,
        151,
    -   46,
    -   159,
    -   124,
    -   112,
    -   112,
    -   0,
    -   215,
    -   238,
    -   249,
    -   215,
    -   142,
    -   142,
    -   127,
    -   11,
    -   114,
    -   198,
    -   131,
    -   134,
    -   150,
        160,
    +   177,
    -   161,
    -   37,
    -   104,
    -   104,
    -   9,
    -   26,
    -   155,
    -   207,
    -   30,
    -   174,
    -   240,
    -   16,
    -   2,
    -   22,
    -   116,
    -   249,
    -   169,
    -   195,
    -   21,
    -   179,
    -   195,
    -   31,
    -   223,
        115,
    +   95,
    +   114,
    +   191,
    +   4,
    +   11,
    +   218,
    +   113,
    +   136,
    +   251,
    +   13,
    -   229,
    -   195,
    -   51,
    -   47,
    -   254,
    -   50,
    -   128,
    -   133,
    -   93,
    -   157,
    -   207,
    -   108,
    -   203,
    -   119,
    -   91,
    -   82,
    -   3,
    -   22,
    -   228,
    -   126,
    -   9,
    -   26,
    -   91,
    -   247,
    -   37,
    -   247,
    -   75,
    -   176,
    -   160,
    -   45,
    -   135,
    -   184,
    -   127,
        0,
        0,
    -   0,
        255,
        255,
    +   211,
    +   254,
    -   188,
        16,
    +   42,
    -   218,
    -   18,
        0,
        0,
        0,
        6,
        73,
    ...
        0,
    +   59,
    +   61,
    -   85,
    -   104,
    -   168,
    -   219,
    -   123,
        170,
    +   223,
    +   255,
    +   127,
    +   249,
    +   43,
    -   51,
    -   219,
        0,
        0,
        0,
        0,
        73,
    
  code: 'ERR_ASSERTION'
  name: 'AssertionError'
  expected:
    0: 137
    1: 80
    2: 78
    3: 71
    4: 13
    5: 10
    6: 26
    7: 10
    8: 0
    9: 0
    10: 0
    11: 13
    12: 73
    13: 72
    14: 68
    15: 82
    16: 0
    17: 0
    18: 1
    19: 25
    20: 0
    21: 0
    22: 0
    23: 244
    24: 8
    25: 2
    26: 0
    27: 0
    28: 0
    29: 32
    30: 223
    31: 197
    32: 168
    33: 0
    34: 0
    35: 4
    36: 181
    37: 73
    38: 68
    39: 65
    40: 84
    41: 120
    42: 156
    43: 236
    44: 221
    45: 187
    46: 139
    47: 92
    48: 101
    49: 28
    50: 128
    51: 225
    52: 207
    53: 205
    54: 32
    55: 100
    56: 77
    57: 98
    58: 46
    59: 130
    60: 218
    61: 164
    62: 181
    63: 19
    64: 47
    65: 133
    66: 96
    67: 227
    68: 5
    69: 4
    70: 173
    71: 132
    72: 88
    73: 8
    74: 54
    75: 162
    76: 133
    77: 130
    78: 40
    79: 8
    80: 250
    81: 39
    82: 136
    83: 22
    84: 22
    85: 10
    86: 130
    87: 157
    88: 130
    89: 133
    90: 118
    91: 105
    92: 180
    93: 83
    94: 123
    95: 21
    96: 180
    97: 144
    98: 20
    99: 94
    100: 64
    101: 139
    102: 128
    103: 72
    104: 136
    105: 132
    106: 132
    107: 77
    108: 54
    109: 36
    110: 110
    111: 50
    112: 6
    113: 179
    114: 134
    115: 176
    116: 54
    117: 147
    118: 228
    119: 61
    120: 3
    121: 89
    122: 158
    123: 167
    124: 57
    125: 12
    126: 195
    127: 199
    128: 20
    129: 63
    130: 94
    131: 190
    132: 239
    133: 28
    134: 24
    135: 206
    136: 108
    137: 62
    138: 159
    139: 143
    140: 255
    141: 60
    142: 243
    143: 226
    144: 47
    145: 159
    146: 124
    147: 112
    148: 112
    149: 0
    150: 11
    151: 120
    152: 254
    153: 181
    154: 163
    155: 135
    156: 63
    157: 190
    158: 231
    159: 202
    160: 199
    161: 217
    162: 255
    163: 191
    164: 30
    165: 192
    166: 181
    167: 91
    168: 25
    169: 64
    170: 97
    171: 235
    172: 190
    173: 228
    174: 140
    175: 7
    176: 11
    177: 218
    178: 114
    179: 136
    180: 155
    181: 93
    182: 186
    183: 71
    184: 26
    185: 192
    186: 117
    187: 185
    188: 58
    189: 159
    190: 91
    191: 14
    192: 189
    193: 240
    194: 243
    195: 176
    196: 29
    197: 193
    198: 245
    199: 186
    200: 188
    201: 59
    202: 93
    203: 42
    204: 200
    205: 253
    206: 18
    207: 52
    208: 180
    209: 4
    210: 13
    211: 45
    212: 65
    213: 67
    214: 75
    215: 208
    216: 208
    217: 18
    218: 52
    219: 180
    220: 4
    221: 13
    222: 45
    223: 65
    224: 67
    225: 75
    226: 208
    227: 208
    228: 18
    229: 52
    230: 180
    231: 4
    232: 13
    233: 45
    234: 65
    235: 67
    236: 75
    237: 208
    238: 208
    239: 18
    240: 52
    241: 180
    242: 4
    243: 13
    244: 45
    245: 65
    246: 67
    247: 75
    248: 208
    249: 208
    250: 18
    251: 52
    252: 180
    253: 4
    254: 13
    255: 45
    256: 65
    257: 67
    258: 75
    259: 208
    260: 208
    261: 18
    262: 52
    263: 180
    264: 4
    265: 13
    266: 45
    267: 65
    268: 67
    269: 75
    270: 208
    271: 208
    272: 18
    273: 52
    274: 180
    275: 4
    276: 13
    277: 45
    278: 65
    279: 67
    280: 75
    281: 208
    282: 208
    283: 18
    284: 52
    285: 180
    286: 4
    287: 13
    288: 45
    289: 65
    290: 67
    291: 75
    292: 208
    293: 208
    294: 18
    295: 52
    296: 180
    297: 4
    298: 13
    299: 45
    300: 65
    301: 99
    302: 243
    303: 61
    304: 234
    305: 199
    306: 62
    307: 124
    308: 119
    309: 193
    310: 5
    311: 107
    312: 243
    313: 149
    314: 207
    315: 206
    316: 238
    317: 31
    318: 211
    319: 187
    320: 125
    321: 117
    322: 231
    323: 171
    324: 79
    325: 62
    326: 50
    327: 166
    328: 183
    329: 118
    330: 225
    331: 220
    332: 71
    333: 39
    334: 190
    335: 27
    336: 211
    337: 91
    338: 61
    339: 127
    340: 225
    341: 208
    342: 145
    343: 63
    344: 198
    345: 244
    346: 78
    347: 207
    348: 87
    349: 62
    350: 93
    351: 206
    352: 140
    353: 118
    354: 238
    355: 124
    356: 245
    357: 169
    358: 109
    359: 53
    360: 163
    361: 75
    362: 222
    363: 120
    364: 232
    365: 217
    366: 113
    367: 93
    368: 54
    369: 91
    370: 58
    371: 249
    372: 229
    373: 231
    374: 11
    375: 46
    376: 56
    377: 126
    378: 113
    379: 118
    380: 248
    381: 212
    382: 50
    383: 94
    384: 20
    385: 125
    386: 247
    387: 190
    388: 61
    389: 175
    390: 220
    391: 127
    392: 239
    393: 152
    394: 222
    395: 153
    396: 141
    397: 211
    398: 95
    399: 28
    400: 253
    401: 102
    402: 76
    403: 111
    404: 255
    405: 250
    406: 249
    407: 199
    408: 191
    409: 60
    410: 50
    411: 166
    412: 247
    413: 215
    414: 178
    415: 102
    416: 116
    417: 215
    418: 222
    419: 61
    420: 175
    421: 60
    422: 176
    423: 173
    424: 102
    425: 244
    426: 232
    427: 193
    428: 251
    429: 198
    430: 245
    431: 114
    432: 198
    433: 131
    434: 134
    435: 150
    436: 160
    437: 161
    438: 37
    439: 104
    440: 104
    441: 9
    442: 26
    443: 90
    444: 130
    445: 134
    446: 150
    447: 160
    448: 161
    449: 37
    450: 104
    451: 104
    452: 9
    453: 26
    454: 90
    455: 130
    456: 134
    457: 150
    458: 160
    459: 161
    460: 37
    461: 104
    462: 104
    463: 9
    464: 26
    465: 90
    466: 130
    467: 134
    468: 150
    469: 160
    470: 161
    471: 37
    472: 104
    473: 104
    474: 9
    475: 26
    476: 90
    477: 130
    478: 134
    479: 150
    480: 160
    481: 161
    482: 37
    483: 104
    484: 104
    485: 9
    486: 26
    487: 90
    488: 130
    489: 134
    490: 150
    491: 160
    492: 161
    493: 37
    494: 104
    495: 104
    496: 9
    497: 26
    498: 90
    499: 130
    500: 134
    501: 150
    502: 160
    503: 161
    504: 37
    505: 104
    506: 104
    507: 9
    508: 26
    509: 90
    510: 130
    511: 134
    512: 150
    513: 160
    514: 161
    515: 37
    516: 104
    517: 104
    518: 9
    519: 26
    520: 90
    521: 130
    522: 134
    523: 150
    524: 160
    525: 161
    526: 37
    527: 104
    528: 104
    529: 9
    530: 26
    531: 90
    532: 130
    533: 134
    534: 150
    535: 160
    536: 161
    537: 37
    538: 104
    539: 104
    540: 9
    541: 26
    542: 90
    543: 130
    544: 134
    545: 150
    546: 160
    547: 49
    548: 187
    549: 124
    550: 121
    551: 240
    552: 171
    553: 239
    554: 23
    555: 95
    556: 243
    557: 219
    558: 216
    559: 86
    560: 246
    561: 141
    562: 241
    563: 253
    564: 120
    565: 100
    566: 44
    567: 199
    568: 235
    569: 99
    570: 57
    571: 110
    572: 150
    573: 25
    574: 157
    575: 251
    576: 227
    577: 248
    578: 250
    579: 79
    580: 71
    581: 199
    582: 182
    583: 96
    584: 95
    585: 130
    586: 134
    587: 150
    588: 160
    589: 161
    590: 37
    591: 104
    592: 104
    593: 9
    594: 26
    595: 90
    596: 130
    597: 134
    598: 150
    599: 160
    600: 161
    601: 37
    602: 104
    603: 104
    604: 9
    605: 26
    606: 90
    607: 130
    608: 134
    609: 150
    610: 160
    611: 161
    612: 37
    613: 104
    614: 104
    615: 9
    616: 26
    617: 90
    618: 130
    619: 134
    620: 150
    621: 160
    622: 177
    623: 249
    624: 159
    625: 139
    626: 95
    627: 223
    628: 124
    629: 121
    630: 193
    631: 5
    632: 39
    633: 47
    634: 238
    635: 120
    636: 255
    637: 204
    638: 157
    639: 99
    640: 122
    641: 7
    642: 118
    643: 173
    644: 190
    645: 253
    646: 220
    647: 211
    648: 99
    649: 122
    650: 39
    651: 47
    652: 156
    653: 125
    654: 235
    655: 216
    656: 215
    657: 99
    658: 122
    659: 187
    660: 207
    661: 109
    662: 188
    663: 244
    664: 237
    665: 239
    666: 99
    667: 122
    668: 167
    669: 46
    670: 238
    671: 120
    672: 111
    673: 41
    674: 51
    675: 218
    676: 191
    677: 107
    678: 245
    679: 157
    680: 27
    681: 155
    682: 209
    683: 252
    684: 220
    685: 223
    686: 99
    687: 187
    688: 216
    689: 108
    690: 105
    691: 237
    692: 199
    693: 31
    694: 22
    695: 92
    696: 112
    697: 226
    698: 226
    699: 236
    700: 187
    701: 83
    702: 7
    703: 199
    704: 244
    705: 238
    706: 222
    707: 183
    708: 103
    709: 227
    710: 169
    711: 181
    712: 49
    713: 189
    714: 245
    715: 141
    716: 211
    717: 63
    718: 252
    719: 249
    720: 235
    721: 152
    722: 222
    723: 254
    724: 245
    725: 243
    726: 107
    727: 63
    728: 30
    729: 25
    730: 211
    731: 91
    732: 218
    733: 140
    734: 238
    735: 218
    736: 187
    737: 164
    738: 25
    739: 221
    740: 20
    741: 156
    742: 241
    743: 160
    744: 161
    745: 37
    746: 104
    747: 104
    748: 9
    749: 26
    750: 90
    751: 130
    752: 134
    753: 150
    754: 160
    755: 161
    756: 37
    757: 104
    758: 104
    759: 9
    760: 26
    761: 90
    762: 130
    763: 134
    764: 150
    765: 160
    766: 161
    767: 37
    768: 104
    769: 104
    770: 9
    771: 26
    772: 90
    773: 130
    774: 134
    775: 150
    776: 160
    777: 161
    778: 37
    779: 104
    780: 104
    781: 9
    782: 26
    783: 90
    784: 130
    785: 134
    786: 150
    787: 160
    788: 161
    789: 37
    790: 104
    791: 104
    792: 9
    793: 26
    794: 90
    795: 130
    796: 134
    797: 150
    798: 160
    799: 161
    800: 37
    801: 104
    802: 104
    803: 9
    804: 26
    805: 90
    806: 130
    807: 134
    808: 150
    809: 160
    810: 161
    811: 37
    812: 104
    813: 104
    814: 9
    815: 26
    816: 90
    817: 130
    818: 134
    819: 150
    820: 160
    821: 161
    822: 37
    823: 104
    824: 104
    825: 9
    826: 26
    827: 90
    828: 130
    829: 134
    830: 150
    831: 160
    832: 161
    833: 37
    834: 104
    835: 104
    836: 9
    837: 26
    838: 90
    839: 130
    840: 134
    841: 150
    842: 160
    843: 161
    844: 37
    845: 104
    846: 104
    847: 9
    848: 26
    849: 90
    850: 130
    851: 134
    852: 150
    853: 160
    854: 161
    855: 37
    856: 104
    857: 104
    858: 9
    859: 26
    860: 90
    861: 130
    862: 134
    863: 150
    864: 160
    865: 161
    866: 37
    867: 104
    868: 104
    869: 9
    870: 26
    871: 90
    872: 130
    873: 134
    874: 150
    875: 160
    876: 161
    877: 37
    878: 104
    879: 104
    880: 9
    881: 26
    882: 90
    883: 130
    884: 134
    885: 150
    886: 160
    887: 161
    888: 37
    889: 104
    890: 104
    891: 9
    892: 26
    893: 90
    894: 130
    895: 134
    896: 150
    897: 160
    898: 161
    899: 37
    900: 104
    901: 104
    902: 9
    903: 26
    904: 90
    905: 130
    906: 134
    907: 150
    908: 160
    909: 161
    910: 37
    911: 104
    912: 104
    913: 9
    914: 26
    915: 90
    916: 130
    917: 134
    918: 150
    919: 160
    920: 161
    921: 37
    922: 104
    923: 104
    924: 9
    925: 26
    926: 90
    927: 130
    928: 134
    929: 150
    930: 160
    931: 161
    932: 37
    933: 104
    934: 104
    935: 9
    936: 26
    937: 90
    938: 130
    939: 134
    940: 150
    941: 160
    942: 161
    943: 37
    944: 104
    945: 104
    946: 9
    947: 26
    948: 90
    949: 130
    950: 134
    951: 150
    952: 160
    953: 161
    954: 37
    955: 104
    956: 104
    957: 9
    958: 26
    959: 90
    960: 130
    961: 134
    962: 150
    963: 160
    964: 161
    965: 37
    966: 104
    967: 104
    968: 9
    969: 26
    970: 90
    971: 130
    972: 134
    973: 150
    974: 160
    975: 161
    976: 37
    977: 104
    978: 104
    979: 9
    980: 26
    981: 90
    982: 130
    983: 134
    984: 150
    985: 160
    986: 161
    987: 37
    988: 104
    989: 104
    990: 9
    991: 26
    992: 90
    993: 130
    994: 134
    995: 150
    996: 160
    997: 161
    998: 37
    999: 104
    1000: 104
    1001: 9
    1002: 26
    1003: 90
    1004: 130
    1005: 134
    1006: 150
    1007: 160
    1008: 161
    1009: 37
    1010: 104
    1011: 104
    1012: 9
    1013: 26
    1014: 90
    1015: 130
    1016: 134
    1017: 150
    1018: 160
    1019: 161
    1020: 37
    1021: 104
    1022: 104
    1023: 9
    1024: 26
    1025: 90
    1026: 130
    1027: 134
    1028: 150
    1029: 160
    1030: 161
    1031: 37
    1032: 104
    1033: 104
    1034: 9
    1035: 26
    1036: 90
    1037: 130
    1038: 134
    1039: 150
    1040: 160
    1041: 161
    1042: 37
    1043: 104
    1044: 104
    1045: 9
    1046: 26
    1047: 90
    1048: 130
    1049: 134
    1050: 150
    1051: 160
    1052: 161
    1053: 37
    1054: 104
    1055: 104
    1056: 9
    1057: 26
    1058: 90
    1059: 130
    1060: 134
    1061: 150
    1062: 160
    1063: 161
    1064: 37
    1065: 104
    1066: 104
    1067: 9
    1068: 26
    1069: 90
    1070: 130
    1071: 134
    1072: 150
    1073: 160
    1074: 161
    1075: 37
    1076: 104
    1077: 104
    1078: 9
    1079: 26
    1080: 90
    1081: 130
    1082: 134
    1083: 150
    1084: 160
    1085: 161
    1086: 37
    1087: 104
    1088: 104
    1089: 9
    1090: 26
    1091: 90
    1092: 130
    1093: 134
    1094: 150
    1095: 160
    1096: 161
    1097: 37
    1098: 104
    1099: 104
    1100: 9
    1101: 26
    1102: 179
    1103: 203
    1104: 151
    1105: 221
    1106: 15
    1107: 63
    1108: 182
    1109: 224
    1110: 130
    1111: 249
    1112: 124
    1113: 199
    1114: 19
    1115: 235
    1116: 7
    1117: 198
    1118: 244
    1119: 246
    1120: 221
    1121: 182
    1122: 186
    1123: 114
    1124: 96
    1125: 207
    1126: 152
    1127: 222
    1128: 206
    1129: 11
    1130: 183
    1131: 62
    1132: 58
    1133: 238
    1134: 27
    1135: 211
    1136: 219
    1137: 117
    1138: 126
    1139: 99
    1140: 247
    1141: 195
    1142: 119
    1143: 140
    1144: 37
    1145: 152
    1146: 175
    1147: 60
    1148: 177
    1149: 190
    1150: 140
    1151: 31
    1152: 218
    1153: 187
    1154: 237
    1155: 102
    1156: 116
    1157: 35
    1158: 110
    1159: 57
    1160: 244
    1161: 194
    1162: 207
    1163: 151
    1164: 46
    1165: 159
    1166: 124
    1167: 112
    1168: 112
    1169: 0
    1170: 215
    1171: 238
    1172: 249
    1173: 215
    1174: 142
    1175: 142
    1176: 127
    1177: 11
    1178: 114
    1179: 198
    1180: 131
    1181: 134
    1182: 150
    1183: 160
    1184: 161
    1185: 37
    1186: 104
    1187: 104
    1188: 9
    1189: 26
    1190: 155
    1191: 207
    1192: 30
    1193: 174
    1194: 240
    1195: 16
    1196: 2
    1197: 22
    1198: 116
    1199: 249
    1200: 169
    1201: 195
    1202: 21
    1203: 179
    1204: 195
    1205: 31
    1206: 223
    1207: 115
    1208: 229
    1209: 195
    1210: 51
    1211: 47
    1212: 254
    1213: 50
    1214: 128
    1215: 133
    1216: 93
    1217: 157
    1218: 207
    1219: 108
    1220: 203
    1221: 119
    1222: 91
    1223: 82
    1224: 3
    1225: 22
    1226: 228
    1227: 126
    1228: 9
    1229: 26
    1230: 91
    1231: 247
    1232: 37
    1233: 247
    1234: 75
    1235: 176
    1236: 160
    1237: 45
    1238: 135
    1239: 184
    1240: 127
    1241: 0
    1242: 0
    1243: 0
    1244: 255
    1245: 255
    1246: 188
    1247: 16
    1248: 218
    1249: 18
    1250: 0
    1251: 0
    1252: 0
    1253: 6
    1254: 73
    1255: 68
    1256: 65
    1257: 84
    1258: 3
    1259: 0
    1260: 85
    1261: 104
    1262: 168
    1263: 219
    1264: 123
    1265: 170
    1266: 51
    1267: 219
    1268: 0
    1269: 0
    1270: 0
    1271: 0
    1272: 73
    1273: 69
    1274: 78
    1275: 68
    1276: 174
    1277: 66
    1278: 96
    1279: 130
  actual:
    0: 137
    1: 80
    2: 78
    3: 71
    4: 13
    5: 10
    6: 26
    7: 10
    8: 0
    9: 0
    10: 0
    11: 13
    12: 73
    13: 72
    14: 68
    15: 82
    16: 0
    17: 0
    18: 1
    19: 25
    20: 0
    21: 0
    22: 0
    23: 244
    24: 8
    25: 2
    26: 0
    27: 0
    28: 0
    29: 32
    30: 223
    31: 197
    32: 168
    33: 0
    34: 0
    35: 4
    36: 207
    37: 73
    38: 68
    39: 65
    40: 84
    41: 120
    42: 156
    43: 236
    44: 221
    45: 187
    46: 139
    47: 93
    48: 85
    49: 31
    50: 128
    51: 225
    52: 149
    53: 201
    54: 225
    55: 131
    56: 140
    57: 73
    58: 190
    59: 92
    60: 4
    61: 181
    62: 73
    63: 107
    64: 39
    65: 94
    66: 10
    67: 193
    68: 70
    69: 45
    70: 4
    71: 173
    72: 68
    73: 45
    74: 4
    75: 27
    76: 209
    77: 66
    78: 65
    79: 20
    80: 4
    81: 253
    82: 23
    83: 212
    84: 194
    85: 66
    86: 65
    87: 176
    88: 51
    89: 96
    90: 161
    91: 93
    92: 26
    93: 237
    94: 20
    95: 107
    96: 47
    97: 104
    98: 33
    99: 41
    100: 188
    101: 128
    102: 22
    103: 1
    104: 17
    105: 81
    106: 162
    107: 113
    108: 226
    109: 232
    110: 196
    111: 153
    112: 28
    113: 131
    114: 25
    115: 131
    116: 140
    117: 205
    118: 49
    119: 190
    120: 251
    121: 128
    122: 227
    123: 243
    124: 52
    125: 135
    126: 195
    127: 102
    128: 113
    129: 138
    130: 31
    131: 47
    132: 107
    133: 237
    134: 13
    135: 135
    136: 61
    137: 155
    138: 207
    139: 231
    140: 227
    141: 15
    142: 247
    143: 61
    144: 252
    145: 217
    146: 171
    147: 47
    148: 29
    149: 27
    150: 192
    151: 2
    152: 30
    153: 124
    154: 226
    155: 212
    156: 137
    157: 227
    158: 215
    159: 94
    160: 250
    161: 58
    162: 251
    163: 235
    164: 229
    165: 1
    166: 252
    167: 125
    168: 43
    169: 3
    170: 40
    171: 236
    172: 220
    173: 151
    174: 156
    175: 241
    176: 96
    177: 65
    178: 59
    179: 14
    180: 113
    181: 179
    182: 11
    183: 247
    184: 72
    185: 3
    186: 184
    187: 44
    188: 127
    189: 206
    190: 103
    191: 207
    192: 189
    193: 15
    194: 125
    195: 58
    196: 108
    197: 71
    198: 112
    199: 185
    200: 46
    201: 238
    202: 78
    203: 23
    204: 10
    205: 114
    206: 191
    207: 4
    208: 13
    209: 45
    210: 65
    211: 67
    212: 75
    213: 208
    214: 208
    215: 18
    216: 52
    217: 180
    218: 4
    219: 13
    220: 45
    221: 65
    222: 67
    223: 75
    224: 208
    225: 208
    226: 18
    227: 52
    228: 180
    229: 4
    230: 13
    231: 45
    232: 65
    233: 67
    234: 75
    235: 208
    236: 208
    237: 18
    238: 52
    239: 180
    240: 4
    241: 13
    242: 45
    243: 65
    244: 67
    245: 75
    246: 208
    247: 208
    248: 18
    249: 52
    250: 180
    251: 4
    252: 13
    253: 45
    254: 65
    255: 67
    256: 75
    257: 208
    258: 208
    259: 18
    260: 52
    261: 180
    262: 4
    263: 13
    264: 45
    265: 65
    266: 67
    267: 75
    268: 208
    269: 208
    270: 18
    271: 52
    272: 180
    273: 4
    274: 13
    275: 45
    276: 65
    277: 67
    278: 75
    279: 208
    280: 208
    281: 18
    282: 52
    283: 180
    284: 4
    285: 13
    286: 45
    287: 65
    288: 67
    289: 75
    290: 208
    291: 208
    292: 18
    293: 52
    294: 180
    295: 4
    296: 13
    297: 45
    298: 65
    299: 67
    300: 75
    301: 208
    302: 216
    303: 126
    304: 143
    305: 250
    306: 55
    307: 47
    308: 63
    309: 191
    310: 224
    311: 130
    312: 181
    313: 249
    314: 202
    315: 235
    316: 63
    317: 31
    318: 25
    319: 211
    320: 251
    321: 255
    322: 234
    323: 190
    324: 199
    325: 239
    326: 188
    327: 117
    328: 76
    329: 239
    330: 199
    331: 173
    332: 95
    333: 142
    334: 159
    335: 254
    336: 96
    337: 76
    338: 239
    339: 138
    340: 115
    341: 91
    342: 247
    343: 156
    344: 252
    345: 106
    346: 76
    347: 239
    348: 236
    349: 124
    350: 229
    351: 181
    352: 229
    353: 204
    354: 104
    355: 223
    356: 190
    357: 199
    358: 239
    359: 90
    360: 198
    361: 140
    362: 214
    363: 182
    364: 54
    365: 94
    366: 57
    367: 253
    368: 254
    369: 88
    370: 138
    371: 167
    372: 110
    373: 190
    374: 127
    375: 92
    376: 150
    377: 237
    378: 150
    379: 126
    380: 120
    381: 235
    382: 141
    383: 5
    384: 23
    385: 124
    386: 123
    387: 126
    388: 118
    389: 226
    390: 204
    391: 50
    392: 94
    393: 20
    394: 125
    395: 205
    396: 225
    397: 131
    398: 143
    399: 221
    400: 112
    401: 221
    402: 152
    403: 222
    404: 79
    405: 155
    406: 103
    407: 223
    408: 60
    409: 245
    410: 238
    411: 152
    412: 222
    413: 209
    414: 245
    415: 115
    416: 183
    417: 191
    418: 117
    419: 114
    420: 76
    421: 239
    422: 187
    423: 101
    424: 205
    425: 232
    426: 234
    427: 67
    428: 7
    429: 31
    430: 187
    431: 113
    432: 87
    433: 205
    434: 232
    435: 182
    436: 99
    437: 215
    438: 143
    439: 203
    440: 229
    441: 140
    442: 7
    443: 13
    444: 45
    445: 65
    446: 67
    447: 75
    448: 208
    449: 208
    450: 18
    451: 52
    452: 180
    453: 4
    454: 141
    455: 217
    456: 96
    457: 89
    458: 230
    459: 131
    460: 221
    461: 204
    462: 190
    463: 4
    464: 13
    465: 45
    466: 65
    467: 67
    468: 75
    469: 208
    470: 208
    471: 18
    472: 52
    473: 180
    474: 4
    475: 13
    476: 45
    477: 65
    478: 67
    479: 75
    480: 208
    481: 208
    482: 18
    483: 52
    484: 180
    485: 4
    486: 13
    487: 45
    488: 65
    489: 67
    490: 75
    491: 208
    492: 208
    493: 18
    494: 52
    495: 180
    496: 4
    497: 13
    498: 45
    499: 65
    500: 67
    501: 75
    502: 208
    503: 208
    504: 18
    505: 52
    506: 180
    507: 4
    508: 13
    509: 45
    510: 65
    511: 67
    512: 75
    513: 208
    514: 208
    515: 18
    516: 52
    517: 180
    518: 4
    519: 13
    520: 45
    521: 65
    522: 67
    523: 75
    524: 208
    525: 208
    526: 18
    527: 52
    528: 180
    529: 4
    530: 13
    531: 45
    532: 65
    533: 67
    534: 75
    535: 208
    536: 208
    537: 18
    538: 52
    539: 180
    540: 4
    541: 13
    542: 45
    543: 65
    544: 67
    545: 75
    546: 208
    547: 208
    548: 18
    549: 52
    550: 180
    551: 4
    552: 13
    553: 45
    554: 65
    555: 67
    556: 75
    557: 208
    558: 208
    559: 18
    560: 52
    561: 182
    562: 223
    563: 253
    564: 124
    565: 211
    566: 219
    567: 31
    568: 46
    569: 190
    570: 230
    571: 139
    572: 177
    573: 171
    574: 28
    575: 30
    576: 227
    577: 195
    578: 113
    579: 235
    580: 88
    581: 142
    582: 39
    583: 199
    584: 114
    585: 252
    586: 91
    587: 102
    588: 180
    589: 241
    590: 213
    591: 183
    592: 235
    593: 159
    594: 156
    595: 26
    596: 187
    597: 130
    598: 125
    599: 9
    600: 26
    601: 90
    602: 130
    603: 134
    604: 150
    605: 160
    606: 161
    607: 37
    608: 104
    609: 104
    610: 9
    611: 26
    612: 90
    613: 130
    614: 134
    615: 150
    616: 160
    617: 161
    618: 37
    619: 104
    620: 104
    621: 9
    622: 26
    623: 90
    624: 130
    625: 134
    626: 150
    627: 160
    628: 161
    629: 37
    630: 104
    631: 104
    632: 9
    633: 26
    634: 90
    635: 130
    636: 198
    637: 246
    638: 127
    639: 46
    640: 62
    641: 127
    642: 250
    643: 209
    644: 5
    645: 23
    646: 252
    647: 112
    648: 126
    649: 239
    650: 139
    651: 63
    652: 93
    653: 53
    654: 166
    655: 119
    656: 116
    657: 255
    658: 234
    659: 179
    660: 15
    661: 220
    662: 61
    663: 166
    664: 247
    665: 253
    666: 214
    667: 250
    668: 51
    669: 223
    670: 188
    671: 51
    672: 166
    673: 119
    674: 96
    675: 99
    676: 243
    677: 145
    678: 247
    679: 190
    680: 28
    681: 211
    682: 59
    683: 115
    684: 126
    685: 239
    686: 11
    687: 75
    688: 153
    689: 209
    690: 145
    691: 253
    692: 171
    693: 207
    694: 253
    695: 179
    696: 25
    697: 205
    698: 55
    699: 126
    700: 29
    701: 187
    702: 197
    703: 118
    704: 75
    705: 107
    706: 31
    707: 127
    708: 180
    709: 224
    710: 130
    711: 211
    712: 231
    713: 103
    714: 239
    715: 159
    716: 57
    717: 54
    718: 166
    719: 119
    720: 205
    721: 225
    722: 131
    723: 155
    724: 119
    725: 173
    726: 141
    727: 233
    728: 253
    729: 188
    730: 121
    731: 246
    732: 163
    733: 175
    734: 63
    735: 31
    736: 211
    737: 59
    738: 178
    739: 126
    740: 110
    741: 237
    742: 227
    743: 147
    744: 99
    745: 122
    746: 75
    747: 155
    748: 209
    749: 213
    750: 135
    751: 150
    752: 52
    753: 163
    754: 127
    755: 5
    756: 103
    757: 60
    758: 104
    759: 104
    760: 9
    761: 26
    762: 90
    763: 130
    764: 134
    765: 150
    766: 160
    767: 49
    768: 27
    769: 255
    770: 121
    771: 243
    772: 177
    773: 36
    774: 123
    775: 6
    776: 187
    777: 153
    778: 125
    779: 9
    780: 26
    781: 90
    782: 130
    783: 134
    784: 150
    785: 160
    786: 161
    787: 37
    788: 104
    789: 104
    790: 9
    791: 26
    792: 90
    793: 130
    794: 134
    795: 150
    796: 160
    797: 161
    798: 37
    799: 104
    800: 104
    801: 9
    802: 26
    803: 90
    804: 130
    805: 134
    806: 150
    807: 160
    808: 161
    809: 37
    810: 104
    811: 104
    812: 9
    813: 26
    814: 90
    815: 130
    816: 134
    817: 150
    818: 160
    819: 161
    820: 37
    821: 104
    822: 104
    823: 9
    824: 26
    825: 90
    826: 130
    827: 134
    828: 150
    829: 160
    830: 161
    831: 37
    832: 104
    833: 104
    834: 9
    835: 26
    836: 90
    837: 130
    838: 134
    839: 150
    840: 160
    841: 161
    842: 37
    843: 104
    844: 104
    845: 9
    846: 26
    847: 90
    848: 130
    849: 134
    850: 150
    851: 160
    852: 161
    853: 37
    854: 104
    855: 104
    856: 9
    857: 26
    858: 90
    859: 130
    860: 134
    861: 150
    862: 160
    863: 161
    864: 37
    865: 104
    866: 104
    867: 9
    868: 26
    869: 90
    870: 130
    871: 134
    872: 150
    873: 160
    874: 161
    875: 37
    876: 104
    877: 104
    878: 9
    879: 26
    880: 90
    881: 130
    882: 134
    883: 150
    884: 160
    885: 161
    886: 37
    887: 104
    888: 104
    889: 9
    890: 26
    891: 90
    892: 130
    893: 134
    894: 150
    895: 160
    896: 161
    897: 37
    898: 104
    899: 104
    900: 9
    901: 26
    902: 90
    903: 130
    904: 134
    905: 150
    906: 160
    907: 161
    908: 37
    909: 104
    910: 104
    911: 9
    912: 26
    913: 90
    914: 130
    915: 134
    916: 150
    917: 160
    918: 161
    919: 37
    920: 104
    921: 104
    922: 9
    923: 26
    924: 90
    925: 130
    926: 134
    927: 150
    928: 160
    929: 161
    930: 37
    931: 104
    932: 104
    933: 9
    934: 26
    935: 90
    936: 130
    937: 134
    938: 150
    939: 160
    940: 161
    941: 37
    942: 104
    943: 104
    944: 9
    945: 26
    946: 90
    947: 130
    948: 134
    949: 150
    950: 160
    951: 161
    952: 37
    953: 104
    954: 104
    955: 9
    956: 26
    957: 90
    958: 130
    959: 134
    960: 150
    961: 160
    962: 161
    963: 37
    964: 104
    965: 104
    966: 9
    967: 26
    968: 90
    969: 130
    970: 134
    971: 150
    972: 160
    973: 161
    974: 37
    975: 104
    976: 104
    977: 9
    978: 26
    979: 90
    980: 130
    981: 134
    982: 150
    983: 160
    984: 161
    985: 37
    986: 104
    987: 104
    988: 9
    989: 26
    990: 90
    991: 130
    992: 134
    993: 150
    994: 160
    995: 161
    996: 37
    997: 104
    998: 104
    999: 9
    1000: 26
    1001: 90
    1002: 130
    1003: 134
    1004: 150
    1005: 160
    1006: 161
    1007: 37
    1008: 104
    1009: 104
    1010: 9
    1011: 26
    1012: 90
    1013: 130
    1014: 134
    1015: 150
    1016: 160
    1017: 161
    1018: 37
    1019: 104
    1020: 104
    1021: 9
    1022: 26
    1023: 90
    1024: 130
    1025: 134
    1026: 150
    1027: 160
    1028: 161
    1029: 37
    1030: 104
    1031: 104
    1032: 9
    1033: 26
    1034: 90
    1035: 130
    1036: 134
    1037: 150
    1038: 160
    1039: 161
    1040: 37
    1041: 104
    1042: 104
    1043: 9
    1044: 26
    1045: 90
    1046: 130
    1047: 134
    1048: 150
    1049: 160
    1050: 161
    1051: 37
    1052: 104
    1053: 104
    1054: 9
    1055: 26
    1056: 90
    1057: 130
    1058: 134
    1059: 150
    1060: 160
    1061: 161
    1062: 37
    1063: 104
    1064: 104
    1065: 9
    1066: 26
    1067: 90
    1068: 130
    1069: 134
    1070: 150
    1071: 160
    1072: 161
    1073: 37
    1074: 104
    1075: 104
    1076: 9
    1077: 26
    1078: 90
    1079: 130
    1080: 134
    1081: 150
    1082: 160
    1083: 161
    1084: 37
    1085: 104
    1086: 104
    1087: 9
    1088: 26
    1089: 90
    1090: 130
    1091: 134
    1092: 150
    1093: 160
    1094: 161
    1095: 37
    1096: 104
    1097: 104
    1098: 9
    1099: 26
    1100: 90
    1101: 130
    1102: 134
    1103: 150
    1104: 160
    1105: 161
    1106: 37
    1107: 104
    1108: 104
    1109: 9
    1110: 26
    1111: 90
    1112: 130
    1113: 134
    1114: 150
    1115: 160
    1116: 161
    1117: 37
    1118: 104
    1119: 104
    1120: 9
    1121: 26
    1122: 90
    1123: 130
    1124: 198
    1125: 236
    1126: 226
    1127: 199
    1128: 129
    1129: 91
    1130: 110
    1131: 95
    1132: 112
    1133: 193
    1134: 124
    1135: 190
    1136: 247
    1137: 142
    1138: 245
    1139: 163
    1140: 99
    1141: 122
    1142: 135
    1143: 175
    1144: 88
    1145: 93
    1146: 57
    1147: 122
    1148: 112
    1149: 76
    1150: 111
    1151: 117
    1152: 235
    1153: 127
    1154: 183
    1155: 141
    1156: 235
    1157: 199
    1158: 244
    1159: 246
    1160: 111
    1161: 108
    1162: 30
    1163: 184
    1164: 229
    1165: 202
    1166: 177
    1167: 4
    1168: 243
    1169: 149
    1170: 59
    1171: 214
    1172: 151
    1173: 241
    1174: 67
    1175: 135
    1176: 150
    1177: 53
    1178: 163
    1179: 125
    1180: 203
    1181: 154
    1182: 209
    1183: 63
    1184: 177
    1185: 231
    1186: 222
    1187: 135
    1188: 62
    1189: 189
    1190: 240
    1191: 241
    1192: 234
    1193: 75
    1194: 199
    1195: 6
    1196: 240
    1197: 247
    1198: 61
    1199: 248
    1200: 196
    1201: 169
    1202: 241
    1203: 123
    1204: 65
    1205: 206
    1206: 120
    1207: 208
    1208: 208
    1209: 18
    1210: 52
    1211: 180
    1212: 4
    1213: 13
    1214: 45
    1215: 65
    1216: 99
    1217: 251
    1218: 217
    1219: 195
    1220: 37
    1221: 30
    1222: 66
    1223: 192
    1224: 130
    1225: 46
    1226: 62
    1227: 117
    1228: 184
    1229: 100
    1230: 118
    1231: 226
    1232: 248
    1233: 181
    1234: 151
    1235: 190
    1236: 220
    1237: 247
    1238: 240
    1239: 103
    1240: 3
    1241: 88
    1242: 216
    1243: 159
    1244: 243
    1245: 153
    1246: 237
    1247: 184
    1248: 182
    1249: 35
    1250: 53
    1251: 96
    1252: 65
    1253: 238
    1254: 151
    1255: 160
    1256: 177
    1257: 115
    1258: 95
    1259: 114
    1260: 191
    1261: 4
    1262: 11
    1263: 218
    1264: 113
    1265: 136
    1266: 251
    1267: 13
    1268: 0
    1269: 0
    1270: 255
    1271: 255
    1272: 211
    1273: 254
    1274: 16
    1275: 42
    1276: 0
    1277: 0
    1278: 0
    1279: 6
    1280: 73
    1281: 68
    1282: 65
    1283: 84
    1284: 3
    1285: 0
    1286: 59
    1287: 61
    1288: 170
    1289: 223
    1290: 255
    1291: 127
    1292: 249
    1293: 43
    1294: 0
    1295: 0
    1296: 0
    1297: 0
    1298: 73
    1299: 69
    1300: 78
    1301: 68
    1302: 174
    1303: 66
    1304: 96
    1305: 130
  operator: 'deepStrictEqual'
  stack: |-
    TestContext.<anonymous> (file:///private/tmp/ppte8/dist/tests/audit-followup-r03.test.js:63:24)
    async Test.run (node:internal/test_runner/test:1054:7)
    async Test.processPendingSubtests (node:internal/test_runner/test:744:7)
  ...
# Subtest: R03 contain calc: browser preview, no-op bytes/history, actual move/download/fresh reopen
ok 15 - R03 contain calc: browser preview, no-op bytes/history, actual move/download/fresh reopen
  ---
  duration_ms: 4036.555333
  type: 'test'
  ...
# Subtest: R03 contain math: browser preview, no-op bytes/history, actual move/download/fresh reopen
not ok 16 - R03 contain math: browser preview, no-op bytes/history, actual move/download/fresh reopen
  ---
  duration_ms: 1864.287834
  type: 'test'
  location: '/private/tmp/ppte8/dist/tests/audit-followup-r03.test.js:44:9'
  failureType: 'testCodeFailure'
  error: |-
    no-op rendered image pixels unchanged
    + actual - expected
    ... Skipped lines
    
    + Buffer(1220) [Uint8Array] [
    - Buffer(1204) [Uint8Array] [
        137,
        80,
        78,
        71,
        13,
    ...
        4,
    +   121,
    -   105,
        73,
        68,
        65,
        84,
        120,
    ...
        191,
    +   171,
    +   214,
    +   85,
    -   139,
    -   23,
    -   100,
        28,
        192,
        241,
    +   115,
    +   235,
    +   201,
    +   193,
    +   95,
    +   20,
    +   246,
    +   131,
    -   231,
    -   234,
    -   106,
    -   48,
    -   149,
    -   160,
        34,
    +   29,
    +   44,
    +   50,
    +   3,
    +   65,
        136,
    +   246,
    +   200,
    +   127,
    +   160,
    +   148,
    +   90,
    +   26,
    +   68,
    +   119,
    +   183,
    +   192,
    +   37,
    +   162,
    +   41,
    +   164,
    +   41,
    +   112,
    +   201,
    +   6,
    +   73,
    +   168,
    +   22,
    +   113,
    +   50,
    +   90,
    +   139,
    +   130,
    +   48,
    +   208,
    +   45,
    +   72,
    +   23,
    -   114,
    -   16,
    -   225,
    -   42,
    -   16,
    -   132,
    -   104,
    -   143,
    -   252,
        7,
    +   5,
    -   68,
        169,
    +   73,
    -   165,
    -   65,
    -   116,
    -   119,
    -   11,
    -   92,
    -   34,
    -   154,
    -   66,
    -   154,
    -   2,
    -   135,
        176,
    +   31,
    +   96,
    +   102,
    +   55,
        65,
    +   147,
    +   123,
    +   111,
    +   96,
    +   55,
    +   239,
    -   18,
    -   114,
    -   18,
    -   39,
    -   161,
    -   181,
    -   40,
    -   8,
    -   3,
    -   221,
    -   130,
    -   116,
    -   113,
    -   176,
    -   16,
    -   154,
    -   4,
        251,
    +   126,
    +   41,
    +   123,
    -   1,
    -   102,
    -   117,
    -   9,
    -   154,
    -   156,
    -   23,
    -   216,
    -   229,
        189,
    -   125,
    -   176,
    -   227,
    -   245,
    -   90,
    -   238,
    -   30,
    -   158,
    -   239,
    -   246,
    -   225,
    -   205,
    -   243,
    -   60,
    -   240,
    -   133,
    -   239,
    -   226,
    -   242,
    -   242,
    -   242,
    -   248,
    -   219,
    -   190,
    -   131,
    -   23,
    -   79,
    -   28,
    -   221,
    -   54,
    -   128,
    -   53,
    -   216,
    -   127,
    -   232,
    -   242,
    -   233,
    -   227,
    -   75,
    -   119,
        150,
    +   123,
    +   15,
    +   231,
    +   217,
    +   62,
    +   188,
    +   57,
    +   231,
    -   139,
    -   255,
    -   220,
    -   30,
        192,
    +   3,
    -   127,
    -   247,
    -   200,
    -   0,
    -   10,
    -   171,
        207,
    +   108,
    +   126,
    +   126,
    +   126,
    +   252,
    +   105,
    +   207,
    +   254,
    +   115,
    +   199,
    +   14,
    +   111,
    +   25,
    +   192,
    +   50,
    +   236,
    +   61,
    +   112,
    +   225,
    +   196,
    +   209,
    +   109,
    +   183,
    -   37,
    -   119,
    -   60,
    -   88,
    -   163,
    -   85,
        151,
    +   179,
    +   191,
    +   110,
    +   15,
    +   224,
    +   159,
    +   187,
    -   184,
    -   197,
    -   155,
        111,
    +   0,
    +   133,
    +   165,
    +   231,
    +   146,
    +   59,
    +   30,
    +   44,
    +   211,
    +   146,
    +   75,
    -   164,
    -   1,
        220,
    -   151,
    -   149,
    -   249,
    -   44,
        236,
    +   198,
    +   27,
    +   105,
    +   0,
    +   119,
    +   101,
    -   61,
    -   112,
        97,
    +   62,
    +   115,
    +   187,
    +   247,
    +   157,
    +   29,
    -   56,
        142,
    +   35,
    +   184,
    +   91,
    +   55,
    +   79,
    +   167,
    +   27,
    +   5,
    +   121,
    +   47,
    -   224,
    -   126,
    -   221,
    -   58,
    -   157,
    -   110,
    -   22,
    -   228,
    -   189,
    -   4,
    -   13,
    -   45,
        65,
        67,
        75,
        208,
        208,
    ...
        208,
    +   208,
    +   18,
    +   52,
    +   110,
    -   184,
        253,
    +   46,
    +   224,
    +   143,
    +   95,
    +   127,
    +   62,
    +   10,
    +   167,
    +   126,
    +   93,
    -   187,
    -   128,
        63,
    +   38,
    +   177,
    +   107,
    +   199,
    +   182,
    -   125,
    -   253,
    -   249,
    -   40,
    -   156,
    -   253,
    -   109,
    -   243,
    -   152,
    -   98,
    -   247,
    -   206,
    -   165,
        49,
    +   137,
    +   47,
    +   127,
    +   62,
    +   63,
    +   38,
    +   241,
    +   252,
        197,
    +   203,
    +   99,
    +   18,
    +   167,
    +   174,
    +   173,
    +   27,
    +   147,
    +   216,
    +   181,
    +   227,
    -   151,
    -   191,
    -   92,
    -   26,
    -   83,
    -   188,
    -   242,
    -   253,
    -   213,
    -   49,
    -   197,
        217,
    -   27,
    -   79,
    -   140,
    -   41,
    -   118,
    -   239,
    -   124,
    -   113,
    -   76,
        49,
    +   137,
    +   201,
    +   102,
    +   244,
    +   226,
    +   150,
    +   157,
    +   119,
    +   216,
    +   189,
    +   213,
    +   210,
    +   165,
    +   119,
    +   223,
    +   26,
    +   133,
    +   55,
    +   46,
    +   111,
    +   29,
    +   147,
    +   56,
    +   125,
    +   232,
    +   224,
    +   152,
    +   196,
    -   109,
    -   70,
    -   175,
    -   109,
        219,
    +   231,
    +   63,
    +   28,
    +   147,
    +   56,
    +   114,
    +   252,
    +   204,
    +   152,
    +   132,
    -   117,
    -   143,
    -   221,
    -   219,
    -   45,
    -   93,
    -   249,
    -   224,
    -   221,
    -   81,
    -   120,
    -   251,
    -   234,
    -   246,
    -   49,
    -   197,
    -   185,
    -   35,
    -   135,
    -   199,
    -   20,
    -   239,
    -   93,
    -   250,
    -   100,
    -   76,
    -   113,
    -   236,
    -   212,
    -   249,
    -   49,
    -   133,
        25,
        221,
    +   181,
    -   183,
        47,
    +   94,
    +   127,
    +   239,
    +   14,
    -   222,
    -   250,
    -   240,
    -   30,
        187,
        238,
        120,
        208,
        208,
    ...
        52,
    +   102,
    +   11,
    +   23,
    +   219,
    +   223,
    +   255,
    +   100,
    +   172,
    +   204,
    +   167,
    +   215,
    +   215,
    +   140,
    +   73,
    +   108,
    +   124,
    +   252,
    +   209,
    +   49,
    +   137,
    +   143,
    +   119,
    +   190,
    +   57,
    +   38,
    +   177,
    +   249,
    +   165,
    +   95,
    +   198,
    +   36,
    +   78,
    +   174,
    +   120,
    +   70,
    +   115,
    +   115,
    +   115,
    +   55,
    +   255,
    +   153,
    -   22,
    -   87,
    -   46,
    -   94,
    -   250,
    -   232,
    -   228,
    -   88,
        159,
    +   159,
    +   191,
    +   195,
    +   199,
    +   54,
    -   51,
    -   127,
    -   60,
        62,
    +   241,
    -   166,
        216,
    +   88,
    +   153,
    +   43,
    +   223,
    +   124,
    +   55,
    +   254,
    +   59,
    +   22,
    +   181,
    +   180,
    +   246,
    +   169,
    -   250,
    -   220,
    -   179,
    -   99,
    -   138,
    -   147,
    -   187,
    -   222,
    -   25,
    -   83,
    -   188,
    -   240,
    -   250,
    -   175,
    -   99,
    -   138,
    -   245,
    -   207,
    -   104,
    -   97,
    -   97,
    -   225,
    -   214,
    -   63,
    -   203,
    -   203,
    -   203,
    -   247,
    -   248,
    -   216,
    -   250,
        103,
    -   116,
    -   237,
    -   155,
    -   239,
        198,
    +   202,
    +   108,
    +   31,
    +   247,
    +   154,
    -   255,
    -   199,
    -   93,
    -   45,
        109,
    +   27,
    +   214,
    +   142,
    +   105,
    +   60,
    +   60,
    +   166,
    +   241,
    +   220,
    +   96,
    +   85,
    +   184,
    +   227,
    +   65,
    +   67,
    +   75,
    +   208,
    +   208,
    +   18,
    -   218,
    -   177,
        52,
    +   180,
    +   4,
    +   13,
    +   45,
    +   65,
    +   67,
    +   75,
    +   208,
    +   208,
    +   18,
    +   52,
    +   180,
    +   4,
    +   13,
    +   45,
    +   65,
    +   67,
    +   75,
    +   208,
    +   208,
    +   18,
    +   52,
    +   180,
    +   4,
    +   13,
    +   45,
    +   65,
    +   99,
    -   214,
    -   231,
    -   229,
    -   177,
        209,
    +   247,
    +   196,
    +   175,
    +   94,
    +   186,
    +   56,
    +   86,
    -   44,
    -   109,
    -   217,
    -   52,
        230,
    +   251,
    +   235,
    +   15,
    +   140,
    +   73,
    +   108,
    +   222,
    -   120,
    -   122,
    -   204,
    -   177,
    -   241,
    -   102,
        244,
    +   208,
    +   162,
    +   245,
    +   220,
    +   88,
    -   144,
    -   112,
    -   199,
    -   131,
    -   134,
    -   150,
    -   160,
    -   161,
        37,
    +   151,
    +   174,
    -   104,
    -   104,
    -   9,
    -   26,
    -   90,
    -   130,
    -   134,
    -   150,
    -   160,
    -   161,
    -   37,
    -   104,
    -   104,
    -   9,
    -   26,
    -   90,
    -   130,
    -   134,
    -   150,
    -   160,
    -   161,
    -   37,
    -   104,
    -   104,
    -   9,
    -   26,
    -   90,
    -   130,
    -   198,
        93,
    +   25,
    +   147,
    +   120,
    +   228,
    +   167,
    +   171,
    +   99,
    +   18,
    +   63,
    +   252,
    -   223,
    -   19,
    -   191,
    -   126,
    -   229,
    -   135,
    -   177,
        62,
    +   209,
    +   140,
    -   63,
    -   254,
    -   249,
    -   216,
    -   152,
    -   226,
    -   249,
    -   167,
        158,
    -   28,
    -   83,
    -   92,
    -   185,
    -   113,
    -   109,
    -   76,
    -   241,
    -   204,
    -   207,
    -   215,
    -   199,
    -   20,
    -   27,
    -   111,
    -   70,
    -   15,
    -   137,
    -   187,
    -   90,
    -   250,
    -   118,
    -   255,
    -   158,
    -   177,
    -   62,
    -   111,
    -   94,
    -   221,
    -   62,
    -   166,
    -   56,
    -   119,
    -   228,
    -   240,
    -   152,
    -   98,
    -   207,
    -   165,
    -   143,
    -   199,
    -   20,
    -   199,
    -   78,
    -   157,
    -   31,
    -   83,
    -   108,
    -   188,
    -   25,
    -   61,
    -   36,
        220,
    +   244,
    +   224,
    +   248,
    +   63,
    +   89,
    +   212,
    +   210,
    -   241,
    -   160,
    -   161,
    -   37,
    -   104,
    -   104,
    -   9,
    -   26,
    -   90,
    -   130,
    -   134,
    -   150,
    -   160,
    -   161,
    -   37,
    -   104,
    -   104,
    -   9,
    -   26,
    -   90,
    -   130,
    -   134,
    -   150,
    -   160,
    -   161,
    -   37,
    -   104,
    -   104,
    -   9,
    -   26,
    -   90,
    -   130,
    -   134,
    -   150,
    -   160,
    -   161,
    -   37,
    -   104,
    -   104,
    -   9,
    -   26,
    -   90,
    -   130,
    -   134,
    -   150,
    -   160,
    -   161,
    -   37,
    -   104,
    -   104,
    -   9,
    -   26,
    -   90,
    -   130,
    -   134,
    -   150,
    -   160,
    -   161,
    -   37,
    -   104,
    -   104,
    -   9,
    -   26,
    -   90,
    -   130,
    -   134,
    -   150,
    -   160,
    -   161,
    -   37,
    -   104,
    -   104,
    -   9,
    -   26,
    -   90,
    -   130,
    -   134,
    -   150,
    -   160,
    -   161,
    -   37,
    -   104,
    -   104,
    -   9,
    -   26,
    -   90,
    -   130,
    -   134,
    -   150,
    -   160,
    -   161,
    -   37,
    -   104,
    -   104,
    -   9,
    -   26,
    -   90,
    -   130,
    -   134,
    -   150,
    -   160,
    -   161,
    -   37,
    -   104,
    -   104,
    -   9,
    -   26,
    -   90,
    -   130,
    -   134,
    -   150,
    -   160,
    -   161,
    -   37,
    -   104,
    -   104,
    -   9,
    -   26,
    -   90,
    -   130,
    -   134,
    -   150,
    -   160,
    -   161,
    -   37,
    -   104,
    -   104,
    -   9,
    -   26,
    -   90,
    -   130,
    -   134,
    -   150,
    -   160,
    -   161,
    -   37,
    -   104,
    -   104,
    -   9,
    -   26,
    -   90,
    -   130,
    -   134,
    -   150,
    -   160,
    -   161,
    -   37,
    -   104,
    -   104,
    -   9,
    -   26,
    -   90,
    -   130,
    -   134,
    -   150,
    -   160,
    -   161,
    -   37,
    -   104,
    -   104,
    -   9,
    -   26,
    -   90,
    -   130,
    -   134,
    -   150,
    -   160,
    -   161,
    -   37,
    -   104,
    -   104,
    -   9,
    -   26,
    -   90,
    -   130,
    -   134,
    -   150,
    -   160,
    -   161,
    -   37,
    -   104,
    -   104,
    -   9,
    -   26,
    -   90,
    -   130,
    -   134,
    -   150,
    -   160,
    -   161,
    -   37,
    -   104,
    -   104,
    -   9,
    -   26,
    -   90,
    -   130,
    -   134,
    -   150,
    -   160,
    -   161,
    -   37,
    -   104,
    -   104,
    -   9,
    -   26,
    -   90,
    -   130,
    -   134,
    -   150,
    -   160,
    -   161,
    -   37,
    -   104,
    -   104,
    -   9,
    -   26,
    -   90,
    -   130,
    -   134,
    -   150,
    -   160,
    -   161,
    -   37,
    -   104,
    -   104,
    -   9,
    -   26,
    -   90,
    -   130,
    -   134,
    -   150,
    -   160,
    -   161,
    -   37,
    -   104,
    -   104,
    -   9,
    -   26,
    -   90,
    -   130,
    -   134,
    -   150,
    -   160,
    -   161,
    -   37,
    -   104,
    -   104,
    -   9,
    -   26,
    -   90,
    -   130,
    -   134,
    -   150,
    -   160,
    -   161,
    -   37,
    -   104,
    -   104,
    -   9,
    -   26,
    -   90,
    -   130,
    -   134,
    -   150,
    -   160,
    -   161,
    -   37,
    -   104,
    -   104,
    -   9,
    -   26,
    -   90,
    -   130,
    -   134,
    -   150,
    -   160,
    -   161,
    -   37,
    -   104,
    -   104,
    -   9,
    -   26,
    -   90,
    -   130,
    -   134,
    -   150,
    -   160,
    -   161,
    -   37,
    -   104,
    -   104,
    -   9,
    -   26,
    -   90,
    -   130,
    -   134,
    -   150,
    -   160,
    -   161,
    -   37,
    -   104,
    -   104,
    -   9,
    -   26,
    -   90,
    -   130,
    -   134,
    -   150,
    -   160,
    -   161,
    -   37,
    -   104,
    -   104,
    -   9,
    -   26,
    -   90,
    -   130,
    -   134,
    -   150,
    -   160,
    -   161,
    -   37,
    -   104,
    -   104,
    -   9,
    -   26,
    -   90,
    -   130,
    -   134,
    -   150,
    -   160,
    -   161,
    -   37,
    -   104,
    -   104,
    -   9,
    -   26,
    -   90,
    -   130,
    -   134,
    -   150,
    -   160,
    -   161,
    -   37,
    -   104,
    -   104,
    -   9,
    -   26,
    -   90,
    -   130,
    -   134,
    -   150,
    -   160,
    -   161,
    -   37,
    -   104,
    -   104,
    -   9,
    -   26,
    -   139,
        183,
    +   123,
    +   95,
    +   25,
    +   43,
    +   243,
    +   218,
    +   229,
    +   173,
    -   254,
    -   60,
    -   186,
    -   121,
    -   203,
    -   40,
    -   108,
    -   253,
    -   253,
    -   137,
    -   49,
    -   199,
    -   226,
    -   163,
        99,
    +   18,
    -   138,
    -   45,
    -   143,
    -   111,
    -   26,
    -   83,
    -   84,
    -   35,
    -   248,
    -   87,
    -   102,
    -   244,
    -   128,
    -   220,
    -   110,
    -   105,
    -   199,
        167,
    +   15,
    +   29,
    +   28,
    +   147,
    +   120,
    +   249,
    +   252,
    +   7,
    -   159,
    -   141,
    -   194,
    -   87,
        99,
    +   18,
    +   71,
    -   163,
    -   57,
    -   243,
    -   234,
    -   251,
    -   99,
        142,
    +   159,
    +   25,
    +   147,
    +   184,
    +   247,
    -   55,
    -   198,
    -   28,
        102,
        244,
    +   47,
    +   225,
    +   142,
    +   7,
    +   13,
    +   45,
    -   128,
    -   184,
    -   227,
        65,
        67,
        75,
        208,
        208,
    ...
        4,
    +   13,
    +   45,
    +   65,
    +   67,
    +   75,
    +   208,
    +   208,
    +   18,
    +   52,
    +   180,
    +   4,
    +   13,
    +   45,
    +   65,
    +   67,
    +   75,
    +   208,
    +   208,
    +   18,
    +   52,
    +   180,
    +   4,
    +   13,
    +   45,
    +   65,
    +   67,
    +   75,
    +   208,
    +   208,
    +   18,
    +   52,
    +   180,
    +   4,
    +   13,
    +   45,
    +   65,
    +   67,
    +   75,
    +   208,
    +   208,
    +   18,
    +   52,
    +   180,
    +   4,
    +   13,
    +   45,
    +   65,
    +   67,
    +   75,
    +   208,
    +   208,
    +   18,
    +   52,
    +   180,
    +   4,
    +   13,
    +   45,
    +   65,
    +   67,
    +   75,
    +   208,
    +   208,
    +   18,
    +   52,
    +   180,
    +   4,
    +   13,
    +   45,
    +   65,
    +   67,
    +   75,
    +   208,
    +   208,
    +   18,
    +   52,
    +   180,
    +   4,
    +   13,
    +   45,
    +   65,
    +   67,
    +   75,
    +   208,
    +   208,
    +   18,
    +   52,
    +   180,
    +   4,
    +   13,
    +   45,
    +   65,
    +   67,
    +   75,
    +   208,
    +   208,
    +   18,
    +   52,
    +   180,
    +   4,
    +   13,
    +   45,
    +   65,
    +   67,
    +   75,
    +   208,
    +   208,
    +   18,
    +   52,
    +   180,
    +   4,
    +   13,
    +   45,
    +   65,
    +   67,
    +   75,
    +   208,
    +   208,
    +   18,
    +   52,
    +   180,
    +   4,
    +   13,
    +   45,
    +   65,
    +   67,
    +   75,
    +   208,
    +   208,
    +   18,
    +   52,
    +   180,
    +   4,
    +   13,
    +   45,
    +   65,
    +   67,
    +   75,
    +   208,
    +   208,
    +   18,
    +   52,
    +   180,
    +   4,
    +   13,
    +   45,
    +   65,
    +   67,
    +   75,
    +   208,
    +   208,
    +   18,
    +   52,
    +   180,
    +   4,
    +   13,
    +   45,
    +   65,
    +   67,
    +   75,
    +   208,
    +   208,
    +   18,
    +   52,
    +   180,
    +   4,
    +   13,
    +   45,
    +   65,
    +   67,
    +   75,
    +   208,
    +   208,
    +   18,
    +   52,
    +   180,
    +   4,
    +   13,
    +   45,
    +   65,
    +   67,
    +   75,
    +   208,
    +   208,
    +   18,
    +   52,
    +   180,
    +   4,
    +   13,
    +   45,
    +   65,
    +   67,
    +   75,
    +   208,
    +   208,
    +   18,
    +   52,
    +   180,
    +   4,
    +   13,
    +   45,
    +   65,
    +   67,
    +   75,
    +   208,
    +   208,
    +   18,
    +   52,
    +   180,
    +   4,
    +   13,
    +   45,
    +   65,
    +   67,
    +   75,
    +   208,
    +   208,
    +   18,
    +   52,
    +   180,
    +   4,
    +   13,
    +   45,
    +   65,
    +   67,
    +   75,
    +   208,
    +   208,
    +   18,
    +   52,
    +   180,
    +   4,
    +   13,
    +   45,
    +   65,
    +   67,
    +   75,
    +   208,
    +   208,
    +   18,
    +   52,
    +   180,
    +   4,
    +   13,
    +   45,
    +   65,
    +   67,
    +   75,
    +   208,
    +   208,
    +   18,
    +   52,
    +   180,
    +   4,
    +   13,
    +   45,
    +   65,
    +   67,
    +   75,
    +   208,
    +   208,
    +   18,
    +   52,
    +   180,
    +   4,
    +   13,
    +   45,
    +   65,
    +   67,
    +   75,
    +   208,
    +   208,
    +   18,
    +   52,
    +   180,
    +   4,
    +   13,
    +   45,
    +   65,
    +   67,
    +   75,
    +   208,
    +   208,
    +   18,
    +   52,
    +   180,
    +   4,
    +   13,
    +   45,
    +   65,
    +   67,
    +   75,
    +   208,
    +   208,
    +   18,
    +   52,
    +   180,
    +   4,
    +   13,
    +   45,
    +   65,
    +   67,
    +   75,
    +   208,
    +   208,
    +   18,
    +   52,
    +   180,
    +   4,
    +   13,
    +   45,
    +   65,
    +   67,
    +   75,
    +   208,
    +   208,
    +   18,
    +   52,
    +   180,
    +   4,
    +   13,
    +   45,
    +   65,
    +   67,
    +   75,
    +   208,
    +   208,
    +   18,
    +   52,
    +   180,
    +   4,
    +   13,
    +   45,
    +   65,
    +   67,
    +   75,
    +   208,
    +   152,
    +   221,
    +   252,
    +   115,
    +   255,
    +   250,
    +   13,
    +   163,
    +   176,
    +   241,
    +   183,
    +   117,
    +   99,
    +   26,
    +   179,
    +   251,
    +   199,
    +   36,
    +   54,
    +   172,
    +   89,
    +   59,
    +   38,
    +   81,
        141,
    +   224,
    +   111,
    +   153,
    +   209,
    +   42,
    +   185,
    +   213,
    +   210,
    +   211,
    +   31,
    +   125,
    +   54,
    +   10,
    +   95,
    +   141,
    +   123,
    +   205,
    +   201,
    +   23,
    +   222,
    +   25,
    +   211,
    +   120,
    +   117,
    +   76,
    +   195,
    +   140,
    +   86,
    +   137,
    +   59,
    +   30,
    +   52,
    +   180,
    +   4,
    +   13,
    +   45,
    +   65,
    +   67,
    +   75,
    +   208,
    +   208,
    +   18,
    +   52,
    +   180,
    +   4,
    +   13,
    +   45,
    +   65,
    +   67,
    +   75,
    +   208,
    +   152,
    +   219,
    -   133,
        189,
    +   239,
    +   236,
    +   194,
    +   245,
    +   177,
    +   195,
    +   91,
    +   6,
    +   176,
    +   12,
    +   123,
    +   15,
    -   7,
    -   46,
    -   172,
        92,
    +   88,
    +   184,
    +   156,
    +   157,
    -   159,
        56,
        186,
    +   237,
    +   246,
    +   98,
    +   207,
    +   254,
    +   115,
    +   3,
    +   88,
    +   182,
    +   133,
    +   249,
    +   204,
    +   150,
    +   236,
    +   45,
    +   73,
    +   13,
    +   88,
    +   38,
    +   239,
    +   37,
    +   104,
    +   44,
    +   61,
    -   109,
    -   0,
    -   107,
    -   176,
    -   255,
    -   208,
    -   229,
    -   149,
    -   203,
    -   197,
    -   211,
    -   199,
        151,
    -   238,
    -   44,
    -   246,
    -   29,
        188,
    +   151,
    +   96,
    -   56,
    -   128,
    -   53,
    -   91,
        153,
    +   150,
    +   92,
    -   207,
        226,
    +   254,
    -   170,
    -   189,
    -   85,
    -   169,
    -   1,
    -   107,
    -   228,
    -   189,
    -   4,
    -   141,
    -   213,
    -   231,
    -   146,
    -   247,
    -   18,
    -   172,
    -   209,
    -   170,
    -   75,
    -   220,
    -   95,
        0,
        0,
        0,
        255,
        255,
    +   204,
    +   35,
    +   79,
    +   122,
    -   176,
    -   21,
    -   135,
    -   88,
        0,
        0,
        0,
        6,
        73,
    ...
        0,
    +   120,
    +   48,
    -   188,
    -   182,
        116,
    +   168,
    +   175,
    +   220,
    +   145,
    +   165,
    -   169,
    -   196,
    -   76,
    -   191,
    -   80,
        0,
        0,
        0,
        0,
        73,
    
  code: 'ERR_ASSERTION'
  name: 'AssertionError'
  expected:
    0: 137
    1: 80
    2: 78
    3: 71
    4: 13
    5: 10
    6: 26
    7: 10
    8: 0
    9: 0
    10: 0
    11: 13
    12: 73
    13: 72
    14: 68
    15: 82
    16: 0
    17: 0
    18: 1
    19: 25
    20: 0
    21: 0
    22: 0
    23: 244
    24: 8
    25: 2
    26: 0
    27: 0
    28: 0
    29: 32
    30: 223
    31: 197
    32: 168
    33: 0
    34: 0
    35: 4
    36: 105
    37: 73
    38: 68
    39: 65
    40: 84
    41: 120
    42: 156
    43: 236
    44: 221
    45: 191
    46: 139
    47: 23
    48: 100
    49: 28
    50: 192
    51: 241
    52: 231
    53: 234
    54: 106
    55: 48
    56: 149
    57: 160
    58: 34
    59: 136
    60: 114
    61: 16
    62: 225
    63: 42
    64: 16
    65: 132
    66: 104
    67: 143
    68: 252
    69: 7
    70: 68
    71: 169
    72: 165
    73: 65
    74: 116
    75: 119
    76: 11
    77: 92
    78: 34
    79: 154
    80: 66
    81: 154
    82: 2
    83: 135
    84: 176
    85: 65
    86: 18
    87: 114
    88: 18
    89: 39
    90: 161
    91: 181
    92: 40
    93: 8
    94: 3
    95: 221
    96: 130
    97: 116
    98: 113
    99: 176
    100: 16
    101: 154
    102: 4
    103: 251
    104: 1
    105: 102
    106: 117
    107: 9
    108: 154
    109: 156
    110: 23
    111: 216
    112: 229
    113: 189
    114: 125
    115: 176
    116: 227
    117: 245
    118: 90
    119: 238
    120: 30
    121: 158
    122: 239
    123: 246
    124: 225
    125: 205
    126: 243
    127: 60
    128: 240
    129: 133
    130: 239
    131: 226
    132: 242
    133: 242
    134: 242
    135: 248
    136: 219
    137: 190
    138: 131
    139: 23
    140: 79
    141: 28
    142: 221
    143: 54
    144: 128
    145: 53
    146: 216
    147: 127
    148: 232
    149: 242
    150: 233
    151: 227
    152: 75
    153: 119
    154: 150
    155: 139
    156: 255
    157: 220
    158: 30
    159: 192
    160: 127
    161: 247
    162: 200
    163: 0
    164: 10
    165: 171
    166: 207
    167: 37
    168: 119
    169: 60
    170: 88
    171: 163
    172: 85
    173: 151
    174: 184
    175: 197
    176: 155
    177: 111
    178: 164
    179: 1
    180: 220
    181: 151
    182: 149
    183: 249
    184: 44
    185: 236
    186: 61
    187: 112
    188: 97
    189: 56
    190: 142
    191: 224
    192: 126
    193: 221
    194: 58
    195: 157
    196: 110
    197: 22
    198: 228
    199: 189
    200: 4
    201: 13
    202: 45
    203: 65
    204: 67
    205: 75
    206: 208
    207: 208
    208: 18
    209: 52
    210: 180
    211: 4
    212: 13
    213: 45
    214: 65
    215: 67
    216: 75
    217: 208
    218: 208
    219: 18
    220: 52
    221: 180
    222: 4
    223: 13
    224: 45
    225: 65
    226: 67
    227: 75
    228: 208
    229: 208
    230: 18
    231: 52
    232: 180
    233: 4
    234: 13
    235: 45
    236: 65
    237: 67
    238: 75
    239: 208
    240: 208
    241: 18
    242: 52
    243: 180
    244: 4
    245: 13
    246: 45
    247: 65
    248: 67
    249: 75
    250: 208
    251: 208
    252: 18
    253: 52
    254: 180
    255: 4
    256: 13
    257: 45
    258: 65
    259: 67
    260: 75
    261: 208
    262: 208
    263: 18
    264: 52
    265: 180
    266: 4
    267: 13
    268: 45
    269: 65
    270: 67
    271: 75
    272: 208
    273: 208
    274: 18
    275: 52
    276: 180
    277: 4
    278: 13
    279: 45
    280: 65
    281: 67
    282: 75
    283: 208
    284: 184
    285: 253
    286: 187
    287: 128
    288: 63
    289: 125
    290: 253
    291: 249
    292: 40
    293: 156
    294: 253
    295: 109
    296: 243
    297: 152
    298: 98
    299: 247
    300: 206
    301: 165
    302: 49
    303: 197
    304: 151
    305: 191
    306: 92
    307: 26
    308: 83
    309: 188
    310: 242
    311: 253
    312: 213
    313: 49
    314: 197
    315: 217
    316: 27
    317: 79
    318: 140
    319: 41
    320: 118
    321: 239
    322: 124
    323: 113
    324: 76
    325: 49
    326: 109
    327: 70
    328: 175
    329: 109
    330: 219
    331: 117
    332: 143
    333: 221
    334: 219
    335: 45
    336: 93
    337: 249
    338: 224
    339: 221
    340: 81
    341: 120
    342: 251
    343: 234
    344: 246
    345: 49
    346: 197
    347: 185
    348: 35
    349: 135
    350: 199
    351: 20
    352: 239
    353: 93
    354: 250
    355: 100
    356: 76
    357: 113
    358: 236
    359: 212
    360: 249
    361: 49
    362: 133
    363: 25
    364: 221
    365: 183
    366: 47
    367: 222
    368: 250
    369: 240
    370: 30
    371: 187
    372: 238
    373: 120
    374: 208
    375: 208
    376: 18
    377: 52
    378: 180
    379: 4
    380: 13
    381: 45
    382: 65
    383: 67
    384: 75
    385: 208
    386: 208
    387: 18
    388: 52
    389: 180
    390: 4
    391: 13
    392: 45
    393: 65
    394: 67
    395: 75
    396: 208
    397: 208
    398: 18
    399: 52
    400: 180
    401: 4
    402: 13
    403: 45
    404: 65
    405: 67
    406: 75
    407: 208
    408: 208
    409: 18
    410: 52
    411: 180
    412: 4
    413: 13
    414: 45
    415: 65
    416: 67
    417: 75
    418: 208
    419: 208
    420: 18
    421: 52
    422: 180
    423: 4
    424: 13
    425: 45
    426: 65
    427: 67
    428: 75
    429: 208
    430: 208
    431: 18
    432: 52
    433: 180
    434: 4
    435: 13
    436: 45
    437: 65
    438: 67
    439: 75
    440: 208
    441: 208
    442: 18
    443: 52
    444: 180
    445: 4
    446: 13
    447: 45
    448: 65
    449: 67
    450: 75
    451: 208
    452: 208
    453: 18
    454: 52
    455: 180
    456: 4
    457: 13
    458: 45
    459: 65
    460: 67
    461: 75
    462: 208
    463: 208
    464: 18
    465: 52
    466: 180
    467: 4
    468: 13
    469: 45
    470: 65
    471: 67
    472: 75
    473: 208
    474: 208
    475: 18
    476: 52
    477: 180
    478: 4
    479: 13
    480: 45
    481: 65
    482: 67
    483: 75
    484: 208
    485: 208
    486: 18
    487: 52
    488: 22
    489: 87
    490: 46
    491: 94
    492: 250
    493: 232
    494: 228
    495: 88
    496: 159
    497: 51
    498: 127
    499: 60
    500: 62
    501: 166
    502: 216
    503: 250
    504: 220
    505: 179
    506: 99
    507: 138
    508: 147
    509: 187
    510: 222
    511: 25
    512: 83
    513: 188
    514: 240
    515: 250
    516: 175
    517: 99
    518: 138
    519: 245
    520: 207
    521: 104
    522: 97
    523: 97
    524: 225
    525: 214
    526: 63
    527: 203
    528: 203
    529: 203
    530: 247
    531: 248
    532: 216
    533: 250
    534: 103
    535: 116
    536: 237
    537: 155
    538: 239
    539: 198
    540: 255
    541: 199
    542: 93
    543: 45
    544: 109
    545: 218
    546: 177
    547: 52
    548: 214
    549: 231
    550: 229
    551: 177
    552: 209
    553: 44
    554: 109
    555: 217
    556: 52
    557: 230
    558: 120
    559: 122
    560: 204
    561: 177
    562: 241
    563: 102
    564: 244
    565: 144
    566: 112
    567: 199
    568: 131
    569: 134
    570: 150
    571: 160
    572: 161
    573: 37
    574: 104
    575: 104
    576: 9
    577: 26
    578: 90
    579: 130
    580: 134
    581: 150
    582: 160
    583: 161
    584: 37
    585: 104
    586: 104
    587: 9
    588: 26
    589: 90
    590: 130
    591: 134
    592: 150
    593: 160
    594: 161
    595: 37
    596: 104
    597: 104
    598: 9
    599: 26
    600: 90
    601: 130
    602: 198
    603: 93
    604: 223
    605: 19
    606: 191
    607: 126
    608: 229
    609: 135
    610: 177
    611: 62
    612: 63
    613: 254
    614: 249
    615: 216
    616: 152
    617: 226
    618: 249
    619: 167
    620: 158
    621: 28
    622: 83
    623: 92
    624: 185
    625: 113
    626: 109
    627: 76
    628: 241
    629: 204
    630: 207
    631: 215
    632: 199
    633: 20
    634: 27
    635: 111
    636: 70
    637: 15
    638: 137
    639: 187
    640: 90
    641: 250
    642: 118
    643: 255
    644: 158
    645: 177
    646: 62
    647: 111
    648: 94
    649: 221
    650: 62
    651: 166
    652: 56
    653: 119
    654: 228
    655: 240
    656: 152
    657: 98
    658: 207
    659: 165
    660: 143
    661: 199
    662: 20
    663: 199
    664: 78
    665: 157
    666: 31
    667: 83
    668: 108
    669: 188
    670: 25
    671: 61
    672: 36
    673: 220
    674: 241
    675: 160
    676: 161
    677: 37
    678: 104
    679: 104
    680: 9
    681: 26
    682: 90
    683: 130
    684: 134
    685: 150
    686: 160
    687: 161
    688: 37
    689: 104
    690: 104
    691: 9
    692: 26
    693: 90
    694: 130
    695: 134
    696: 150
    697: 160
    698: 161
    699: 37
    700: 104
    701: 104
    702: 9
    703: 26
    704: 90
    705: 130
    706: 134
    707: 150
    708: 160
    709: 161
    710: 37
    711: 104
    712: 104
    713: 9
    714: 26
    715: 90
    716: 130
    717: 134
    718: 150
    719: 160
    720: 161
    721: 37
    722: 104
    723: 104
    724: 9
    725: 26
    726: 90
    727: 130
    728: 134
    729: 150
    730: 160
    731: 161
    732: 37
    733: 104
    734: 104
    735: 9
    736: 26
    737: 90
    738: 130
    739: 134
    740: 150
    741: 160
    742: 161
    743: 37
    744: 104
    745: 104
    746: 9
    747: 26
    748: 90
    749: 130
    750: 134
    751: 150
    752: 160
    753: 161
    754: 37
    755: 104
    756: 104
    757: 9
    758: 26
    759: 90
    760: 130
    761: 134
    762: 150
    763: 160
    764: 161
    765: 37
    766: 104
    767: 104
    768: 9
    769: 26
    770: 90
    771: 130
    772: 134
    773: 150
    774: 160
    775: 161
    776: 37
    777: 104
    778: 104
    779: 9
    780: 26
    781: 90
    782: 130
    783: 134
    784: 150
    785: 160
    786: 161
    787: 37
    788: 104
    789: 104
    790: 9
    791: 26
    792: 90
    793: 130
    794: 134
    795: 150
    796: 160
    797: 161
    798: 37
    799: 104
    800: 104
    801: 9
    802: 26
    803: 90
    804: 130
    805: 134
    806: 150
    807: 160
    808: 161
    809: 37
    810: 104
    811: 104
    812: 9
    813: 26
    814: 90
    815: 130
    816: 134
    817: 150
    818: 160
    819: 161
    820: 37
    821: 104
    822: 104
    823: 9
    824: 26
    825: 90
    826: 130
    827: 134
    828: 150
    829: 160
    830: 161
    831: 37
    832: 104
    833: 104
    834: 9
    835: 26
    836: 90
    837: 130
    838: 134
    839: 150
    840: 160
    841: 161
    842: 37
    843: 104
    844: 104
    845: 9
    846: 26
    847: 90
    848: 130
    849: 134
    850: 150
    851: 160
    852: 161
    853: 37
    854: 104
    855: 104
    856: 9
    857: 26
    858: 90
    859: 130
    860: 134
    861: 150
    862: 160
    863: 161
    864: 37
    865: 104
    866: 104
    867: 9
    868: 26
    869: 90
    870: 130
    871: 134
    872: 150
    873: 160
    874: 161
    875: 37
    876: 104
    877: 104
    878: 9
    879: 26
    880: 90
    881: 130
    882: 134
    883: 150
    884: 160
    885: 161
    886: 37
    887: 104
    888: 104
    889: 9
    890: 26
    891: 90
    892: 130
    893: 134
    894: 150
    895: 160
    896: 161
    897: 37
    898: 104
    899: 104
    900: 9
    901: 26
    902: 90
    903: 130
    904: 134
    905: 150
    906: 160
    907: 161
    908: 37
    909: 104
    910: 104
    911: 9
    912: 26
    913: 90
    914: 130
    915: 134
    916: 150
    917: 160
    918: 161
    919: 37
    920: 104
    921: 104
    922: 9
    923: 26
    924: 90
    925: 130
    926: 134
    927: 150
    928: 160
    929: 161
    930: 37
    931: 104
    932: 104
    933: 9
    934: 26
    935: 90
    936: 130
    937: 134
    938: 150
    939: 160
    940: 161
    941: 37
    942: 104
    943: 104
    944: 9
    945: 26
    946: 90
    947: 130
    948: 134
    949: 150
    950: 160
    951: 161
    952: 37
    953: 104
    954: 104
    955: 9
    956: 26
    957: 90
    958: 130
    959: 134
    960: 150
    961: 160
    962: 161
    963: 37
    964: 104
    965: 104
    966: 9
    967: 26
    968: 90
    969: 130
    970: 134
    971: 150
    972: 160
    973: 161
    974: 37
    975: 104
    976: 104
    977: 9
    978: 26
    979: 90
    980: 130
    981: 134
    982: 150
    983: 160
    984: 161
    985: 37
    986: 104
    987: 104
    988: 9
    989: 26
    990: 90
    991: 130
    992: 134
    993: 150
    994: 160
    995: 161
    996: 37
    997: 104
    998: 104
    999: 9
    1000: 26
    1001: 90
    1002: 130
    1003: 134
    1004: 150
    1005: 160
    1006: 161
    1007: 37
    1008: 104
    1009: 104
    1010: 9
    1011: 26
    1012: 90
    1013: 130
    1014: 134
    1015: 150
    1016: 160
    1017: 161
    1018: 37
    1019: 104
    1020: 104
    1021: 9
    1022: 26
    1023: 90
    1024: 130
    1025: 134
    1026: 150
    1027: 160
    1028: 161
    1029: 37
    1030: 104
    1031: 104
    1032: 9
    1033: 26
    1034: 139
    1035: 183
    1036: 254
    1037: 60
    1038: 186
    1039: 121
    1040: 203
    1041: 40
    1042: 108
    1043: 253
    1044: 253
    1045: 137
    1046: 49
    1047: 199
    1048: 226
    1049: 163
    1050: 99
    1051: 138
    1052: 45
    1053: 143
    1054: 111
    1055: 26
    1056: 83
    1057: 84
    1058: 35
    1059: 248
    1060: 87
    1061: 102
    1062: 244
    1063: 128
    1064: 220
    1065: 110
    1066: 105
    1067: 199
    1068: 167
    1069: 159
    1070: 141
    1071: 194
    1072: 87
    1073: 99
    1074: 163
    1075: 57
    1076: 243
    1077: 234
    1078: 251
    1079: 99
    1080: 142
    1081: 55
    1082: 198
    1083: 28
    1084: 102
    1085: 244
    1086: 128
    1087: 184
    1088: 227
    1089: 65
    1090: 67
    1091: 75
    1092: 208
    1093: 208
    1094: 18
    1095: 52
    1096: 180
    1097: 4
    1098: 13
    1099: 45
    1100: 65
    1101: 67
    1102: 75
    1103: 208
    1104: 208
    1105: 18
    1106: 52
    1107: 180
    1108: 4
    1109: 141
    1110: 133
    1111: 189
    1112: 7
    1113: 46
    1114: 172
    1115: 92
    1116: 159
    1117: 56
    1118: 186
    1119: 109
    1120: 0
    1121: 107
    1122: 176
    1123: 255
    1124: 208
    1125: 229
    1126: 149
    1127: 203
    1128: 197
    1129: 211
    1130: 199
    1131: 151
    1132: 238
    1133: 44
    1134: 246
    1135: 29
    1136: 188
    1137: 56
    1138: 128
    1139: 53
    1140: 91
    1141: 153
    1142: 207
    1143: 226
    1144: 170
    1145: 189
    1146: 85
    1147: 169
    1148: 1
    1149: 107
    1150: 228
    1151: 189
    1152: 4
    1153: 141
    1154: 213
    1155: 231
    1156: 146
    1157: 247
    1158: 18
    1159: 172
    1160: 209
    1161: 170
    1162: 75
    1163: 220
    1164: 95
    1165: 0
    1166: 0
    1167: 0
    1168: 255
    1169: 255
    1170: 176
    1171: 21
    1172: 135
    1173: 88
    1174: 0
    1175: 0
    1176: 0
    1177: 6
    1178: 73
    1179: 68
    1180: 65
    1181: 84
    1182: 3
    1183: 0
    1184: 188
    1185: 182
    1186: 116
    1187: 169
    1188: 196
    1189: 76
    1190: 191
    1191: 80
    1192: 0
    1193: 0
    1194: 0
    1195: 0
    1196: 73
    1197: 69
    1198: 78
    1199: 68
    1200: 174
    1201: 66
    1202: 96
    1203: 130
  actual:
    0: 137
    1: 80
    2: 78
    3: 71
    4: 13
    5: 10
    6: 26
    7: 10
    8: 0
    9: 0
    10: 0
    11: 13
    12: 73
    13: 72
    14: 68
    15: 82
    16: 0
    17: 0
    18: 1
    19: 25
    20: 0
    21: 0
    22: 0
    23: 244
    24: 8
    25: 2
    26: 0
    27: 0
    28: 0
    29: 32
    30: 223
    31: 197
    32: 168
    33: 0
    34: 0
    35: 4
    36: 121
    37: 73
    38: 68
    39: 65
    40: 84
    41: 120
    42: 156
    43: 236
    44: 221
    45: 191
    46: 171
    47: 214
    48: 85
    49: 28
    50: 192
    51: 241
    52: 115
    53: 235
    54: 201
    55: 193
    56: 95
    57: 20
    58: 246
    59: 131
    60: 34
    61: 29
    62: 44
    63: 50
    64: 3
    65: 65
    66: 136
    67: 246
    68: 200
    69: 127
    70: 160
    71: 148
    72: 90
    73: 26
    74: 68
    75: 119
    76: 183
    77: 192
    78: 37
    79: 162
    80: 41
    81: 164
    82: 41
    83: 112
    84: 201
    85: 6
    86: 73
    87: 168
    88: 22
    89: 113
    90: 50
    91: 90
    92: 139
    93: 130
    94: 48
    95: 208
    96: 45
    97: 72
    98: 23
    99: 7
    100: 5
    101: 169
    102: 73
    103: 176
    104: 31
    105: 96
    106: 102
    107: 55
    108: 65
    109: 147
    110: 123
    111: 111
    112: 96
    113: 55
    114: 239
    115: 251
    116: 126
    117: 41
    118: 123
    119: 189
    120: 150
    121: 123
    122: 15
    123: 231
    124: 217
    125: 62
    126: 188
    127: 57
    128: 231
    129: 192
    130: 3
    131: 207
    132: 108
    133: 126
    134: 126
    135: 126
    136: 252
    137: 105
    138: 207
    139: 254
    140: 115
    141: 199
    142: 14
    143: 111
    144: 25
    145: 192
    146: 50
    147: 236
    148: 61
    149: 112
    150: 225
    151: 196
    152: 209
    153: 109
    154: 183
    155: 151
    156: 179
    157: 191
    158: 110
    159: 15
    160: 224
    161: 159
    162: 187
    163: 111
    164: 0
    165: 133
    166: 165
    167: 231
    168: 146
    169: 59
    170: 30
    171: 44
    172: 211
    173: 146
    174: 75
    175: 220
    176: 236
    177: 198
    178: 27
    179: 105
    180: 0
    181: 119
    182: 101
    183: 97
    184: 62
    185: 115
    186: 187
    187: 247
    188: 157
    189: 29
    190: 142
    191: 35
    192: 184
    193: 91
    194: 55
    195: 79
    196: 167
    197: 27
    198: 5
    199: 121
    200: 47
    201: 65
    202: 67
    203: 75
    204: 208
    205: 208
    206: 18
    207: 52
    208: 180
    209: 4
    210: 13
    211: 45
    212: 65
    213: 67
    214: 75
    215: 208
    216: 208
    217: 18
    218: 52
    219: 180
    220: 4
    221: 13
    222: 45
    223: 65
    224: 67
    225: 75
    226: 208
    227: 208
    228: 18
    229: 52
    230: 180
    231: 4
    232: 13
    233: 45
    234: 65
    235: 67
    236: 75
    237: 208
    238: 208
    239: 18
    240: 52
    241: 180
    242: 4
    243: 13
    244: 45
    245: 65
    246: 67
    247: 75
    248: 208
    249: 208
    250: 18
    251: 52
    252: 180
    253: 4
    254: 13
    255: 45
    256: 65
    257: 67
    258: 75
    259: 208
    260: 208
    261: 18
    262: 52
    263: 180
    264: 4
    265: 13
    266: 45
    267: 65
    268: 67
    269: 75
    270: 208
    271: 208
    272: 18
    273: 52
    274: 180
    275: 4
    276: 13
    277: 45
    278: 65
    279: 67
    280: 75
    281: 208
    282: 208
    283: 18
    284: 52
    285: 110
    286: 253
    287: 46
    288: 224
    289: 143
    290: 95
    291: 127
    292: 62
    293: 10
    294: 167
    295: 126
    296: 93
    297: 63
    298: 38
    299: 177
    300: 107
    301: 199
    302: 182
    303: 49
    304: 137
    305: 47
    306: 127
    307: 62
    308: 63
    309: 38
    310: 241
    311: 252
    312: 197
    313: 203
    314: 99
    315: 18
    316: 167
    317: 174
    318: 173
    319: 27
    320: 147
    321: 216
    322: 181
    323: 227
    324: 217
    325: 49
    326: 137
    327: 201
    328: 102
    329: 244
    330: 226
    331: 150
    332: 157
    333: 119
    334: 216
    335: 189
    336: 213
    337: 210
    338: 165
    339: 119
    340: 223
    341: 26
    342: 133
    343: 55
    344: 46
    345: 111
    346: 29
    347: 147
    348: 56
    349: 125
    350: 232
    351: 224
    352: 152
    353: 196
    354: 219
    355: 231
    356: 63
    357: 28
    358: 147
    359: 56
    360: 114
    361: 252
    362: 204
    363: 152
    364: 132
    365: 25
    366: 221
    367: 181
    368: 47
    369: 94
    370: 127
    371: 239
    372: 14
    373: 187
    374: 238
    375: 120
    376: 208
    377: 208
    378: 18
    379: 52
    380: 180
    381: 4
    382: 13
    383: 45
    384: 65
    385: 67
    386: 75
    387: 208
    388: 208
    389: 18
    390: 52
    391: 180
    392: 4
    393: 13
    394: 45
    395: 65
    396: 67
    397: 75
    398: 208
    399: 208
    400: 18
    401: 52
    402: 180
    403: 4
    404: 13
    405: 45
    406: 65
    407: 67
    408: 75
    409: 208
    410: 208
    411: 18
    412: 52
    413: 180
    414: 4
    415: 13
    416: 45
    417: 65
    418: 67
    419: 75
    420: 208
    421: 208
    422: 18
    423: 52
    424: 180
    425: 4
    426: 13
    427: 45
    428: 65
    429: 67
    430: 75
    431: 208
    432: 208
    433: 18
    434: 52
    435: 180
    436: 4
    437: 13
    438: 45
    439: 65
    440: 67
    441: 75
    442: 208
    443: 208
    444: 18
    445: 52
    446: 180
    447: 4
    448: 13
    449: 45
    450: 65
    451: 67
    452: 75
    453: 208
    454: 208
    455: 18
    456: 52
    457: 180
    458: 4
    459: 13
    460: 45
    461: 65
    462: 67
    463: 75
    464: 208
    465: 208
    466: 18
    467: 52
    468: 180
    469: 4
    470: 13
    471: 45
    472: 65
    473: 67
    474: 75
    475: 208
    476: 208
    477: 18
    478: 52
    479: 180
    480: 4
    481: 13
    482: 45
    483: 65
    484: 67
    485: 75
    486: 208
    487: 208
    488: 18
    489: 52
    490: 102
    491: 11
    492: 23
    493: 219
    494: 223
    495: 255
    496: 100
    497: 172
    498: 204
    499: 167
    500: 215
    501: 215
    502: 140
    503: 73
    504: 108
    505: 124
    506: 252
    507: 209
    508: 49
    509: 137
    510: 143
    511: 119
    512: 190
    513: 57
    514: 38
    515: 177
    516: 249
    517: 165
    518: 95
    519: 198
    520: 36
    521: 78
    522: 174
    523: 120
    524: 70
    525: 115
    526: 115
    527: 115
    528: 55
    529: 255
    530: 153
    531: 159
    532: 159
    533: 191
    534: 195
    535: 199
    536: 54
    537: 62
    538: 241
    539: 216
    540: 88
    541: 153
    542: 43
    543: 223
    544: 124
    545: 55
    546: 254
    547: 59
    548: 22
    549: 181
    550: 180
    551: 246
    552: 169
    553: 103
    554: 198
    555: 202
    556: 108
    557: 31
    558: 247
    559: 154
    560: 109
    561: 27
    562: 214
    563: 142
    564: 105
    565: 60
    566: 60
    567: 166
    568: 241
    569: 220
    570: 96
    571: 85
    572: 184
    573: 227
    574: 65
    575: 67
    576: 75
    577: 208
    578: 208
    579: 18
    580: 52
    581: 180
    582: 4
    583: 13
    584: 45
    585: 65
    586: 67
    587: 75
    588: 208
    589: 208
    590: 18
    591: 52
    592: 180
    593: 4
    594: 13
    595: 45
    596: 65
    597: 67
    598: 75
    599: 208
    600: 208
    601: 18
    602: 52
    603: 180
    604: 4
    605: 13
    606: 45
    607: 65
    608: 99
    609: 209
    610: 247
    611: 196
    612: 175
    613: 94
    614: 186
    615: 56
    616: 86
    617: 230
    618: 251
    619: 235
    620: 15
    621: 140
    622: 73
    623: 108
    624: 222
    625: 244
    626: 208
    627: 162
    628: 245
    629: 220
    630: 88
    631: 37
    632: 151
    633: 174
    634: 93
    635: 25
    636: 147
    637: 120
    638: 228
    639: 167
    640: 171
    641: 99
    642: 18
    643: 63
    644: 252
    645: 62
    646: 209
    647: 140
    648: 158
    649: 220
    650: 244
    651: 224
    652: 248
    653: 63
    654: 89
    655: 212
    656: 210
    657: 183
    658: 123
    659: 95
    660: 25
    661: 43
    662: 243
    663: 218
    664: 229
    665: 173
    666: 99
    667: 18
    668: 167
    669: 15
    670: 29
    671: 28
    672: 147
    673: 120
    674: 249
    675: 252
    676: 7
    677: 99
    678: 18
    679: 71
    680: 142
    681: 159
    682: 25
    683: 147
    684: 184
    685: 247
    686: 102
    687: 244
    688: 47
    689: 225
    690: 142
    691: 7
    692: 13
    693: 45
    694: 65
    695: 67
    696: 75
    697: 208
    698: 208
    699: 18
    700: 52
    701: 180
    702: 4
    703: 13
    704: 45
    705: 65
    706: 67
    707: 75
    708: 208
    709: 208
    710: 18
    711: 52
    712: 180
    713: 4
    714: 13
    715: 45
    716: 65
    717: 67
    718: 75
    719: 208
    720: 208
    721: 18
    722: 52
    723: 180
    724: 4
    725: 13
    726: 45
    727: 65
    728: 67
    729: 75
    730: 208
    731: 208
    732: 18
    733: 52
    734: 180
    735: 4
    736: 13
    737: 45
    738: 65
    739: 67
    740: 75
    741: 208
    742: 208
    743: 18
    744: 52
    745: 180
    746: 4
    747: 13
    748: 45
    749: 65
    750: 67
    751: 75
    752: 208
    753: 208
    754: 18
    755: 52
    756: 180
    757: 4
    758: 13
    759: 45
    760: 65
    761: 67
    762: 75
    763: 208
    764: 208
    765: 18
    766: 52
    767: 180
    768: 4
    769: 13
    770: 45
    771: 65
    772: 67
    773: 75
    774: 208
    775: 208
    776: 18
    777: 52
    778: 180
    779: 4
    780: 13
    781: 45
    782: 65
    783: 67
    784: 75
    785: 208
    786: 208
    787: 18
    788: 52
    789: 180
    790: 4
    791: 13
    792: 45
    793: 65
    794: 67
    795: 75
    796: 208
    797: 208
    798: 18
    799: 52
    800: 180
    801: 4
    802: 13
    803: 45
    804: 65
    805: 67
    806: 75
    807: 208
    808: 208
    809: 18
    810: 52
    811: 180
    812: 4
    813: 13
    814: 45
    815: 65
    816: 67
    817: 75
    818: 208
    819: 208
    820: 18
    821: 52
    822: 180
    823: 4
    824: 13
    825: 45
    826: 65
    827: 67
    828: 75
    829: 208
    830: 208
    831: 18
    832: 52
    833: 180
    834: 4
    835: 13
    836: 45
    837: 65
    838: 67
    839: 75
    840: 208
    841: 208
    842: 18
    843: 52
    844: 180
    845: 4
    846: 13
    847: 45
    848: 65
    849: 67
    850: 75
    851: 208
    852: 208
    853: 18
    854: 52
    855: 180
    856: 4
    857: 13
    858: 45
    859: 65
    860: 67
    861: 75
    862: 208
    863: 208
    864: 18
    865: 52
    866: 180
    867: 4
    868: 13
    869: 45
    870: 65
    871: 67
    872: 75
    873: 208
    874: 208
    875: 18
    876: 52
    877: 180
    878: 4
    879: 13
    880: 45
    881: 65
    882: 67
    883: 75
    884: 208
    885: 208
    886: 18
    887: 52
    888: 180
    889: 4
    890: 13
    891: 45
    892: 65
    893: 67
    894: 75
    895: 208
    896: 208
    897: 18
    898: 52
    899: 180
    900: 4
    901: 13
    902: 45
    903: 65
    904: 67
    905: 75
    906: 208
    907: 208
    908: 18
    909: 52
    910: 180
    911: 4
    912: 13
    913: 45
    914: 65
    915: 67
    916: 75
    917: 208
    918: 208
    919: 18
    920: 52
    921: 180
    922: 4
    923: 13
    924: 45
    925: 65
    926: 67
    927: 75
    928: 208
    929: 208
    930: 18
    931: 52
    932: 180
    933: 4
    934: 13
    935: 45
    936: 65
    937: 67
    938: 75
    939: 208
    940: 208
    941: 18
    942: 52
    943: 180
    944: 4
    945: 13
    946: 45
    947: 65
    948: 67
    949: 75
    950: 208
    951: 208
    952: 18
    953: 52
    954: 180
    955: 4
    956: 13
    957: 45
    958: 65
    959: 67
    960: 75
    961: 208
    962: 208
    963: 18
    964: 52
    965: 180
    966: 4
    967: 13
    968: 45
    969: 65
    970: 67
    971: 75
    972: 208
    973: 208
    974: 18
    975: 52
    976: 180
    977: 4
    978: 13
    979: 45
    980: 65
    981: 67
    982: 75
    983: 208
    984: 208
    985: 18
    986: 52
    987: 180
    988: 4
    989: 13
    990: 45
    991: 65
    992: 67
    993: 75
    994: 208
    995: 208
    996: 18
    997: 52
    998: 180
    999: 4
    1000: 13
    1001: 45
    1002: 65
    1003: 67
    1004: 75
    1005: 208
    1006: 208
    1007: 18
    1008: 52
    1009: 180
    1010: 4
    1011: 13
    1012: 45
    1013: 65
    1014: 67
    1015: 75
    1016: 208
    1017: 208
    1018: 18
    1019: 52
    1020: 180
    1021: 4
    1022: 13
    1023: 45
    1024: 65
    1025: 67
    1026: 75
    1027: 208
    1028: 208
    1029: 18
    1030: 52
    1031: 180
    1032: 4
    1033: 13
    1034: 45
    1035: 65
    1036: 67
    1037: 75
    1038: 208
    1039: 208
    1040: 18
    1041: 52
    1042: 180
    1043: 4
    1044: 13
    1045: 45
    1046: 65
    1047: 67
    1048: 75
    1049: 208
    1050: 152
    1051: 221
    1052: 252
    1053: 115
    1054: 255
    1055: 250
    1056: 13
    1057: 163
    1058: 176
    1059: 241
    1060: 183
    1061: 117
    1062: 99
    1063: 26
    1064: 179
    1065: 251
    1066: 199
    1067: 36
    1068: 54
    1069: 172
    1070: 89
    1071: 59
    1072: 38
    1073: 81
    1074: 141
    1075: 224
    1076: 111
    1077: 153
    1078: 209
    1079: 42
    1080: 185
    1081: 213
    1082: 210
    1083: 211
    1084: 31
    1085: 125
    1086: 54
    1087: 10
    1088: 95
    1089: 141
    1090: 123
    1091: 205
    1092: 201
    1093: 23
    1094: 222
    1095: 25
    1096: 211
    1097: 120
    1098: 117
    1099: 76
    1100: 195
    1101: 140
    1102: 86
    1103: 137
    1104: 59
    1105: 30
    1106: 52
    1107: 180
    1108: 4
    1109: 13
    1110: 45
    1111: 65
    1112: 67
    1113: 75
    1114: 208
    1115: 208
    1116: 18
    1117: 52
    1118: 180
    1119: 4
    1120: 13
    1121: 45
    1122: 65
    1123: 67
    1124: 75
    1125: 208
    1126: 152
    1127: 219
    1128: 189
    1129: 239
    1130: 236
    1131: 194
    1132: 245
    1133: 177
    1134: 195
    1135: 91
    1136: 6
    1137: 176
    1138: 12
    1139: 123
    1140: 15
    1141: 92
    1142: 88
    1143: 184
    1144: 156
    1145: 157
    1146: 56
    1147: 186
    1148: 237
    1149: 246
    1150: 98
    1151: 207
    1152: 254
    1153: 115
    1154: 3
    1155: 88
    1156: 182
    1157: 133
    1158: 249
    1159: 204
    1160: 150
    1161: 236
    1162: 45
    1163: 73
    1164: 13
    1165: 88
    1166: 38
    1167: 239
    1168: 37
    1169: 104
    1170: 44
    1171: 61
    1172: 151
    1173: 188
    1174: 151
    1175: 96
    1176: 153
    1177: 150
    1178: 92
    1179: 226
    1180: 254
    1181: 0
    1182: 0
    1183: 0
    1184: 255
    1185: 255
    1186: 204
    1187: 35
    1188: 79
    1189: 122
    1190: 0
    1191: 0
    1192: 0
    1193: 6
    1194: 73
    1195: 68
    1196: 65
    1197: 84
    1198: 3
    1199: 0
    1200: 120
    1201: 48
    1202: 116
    1203: 168
    1204: 175
    1205: 220
    1206: 145
    1207: 165
    1208: 0
    1209: 0
    1210: 0
    1211: 0
    1212: 73
    1213: 69
    1214: 78
    1215: 68
    1216: 174
    1217: 66
    1218: 96
    1219: 130
  operator: 'deepStrictEqual'
  stack: |-
    TestContext.<anonymous> (file:///private/tmp/ppte8/dist/tests/audit-followup-r03.test.js:63:24)
    async Test.run (node:internal/test_runner/test:1054:7)
    async Test.processPendingSubtests (node:internal/test_runner/test:744:7)
  ...
# Subtest: R03 unsupported contextual math reports before interaction and preserves content/history
not ok 17 - R03 unsupported contextual math reports before interaction and preserves content/history
  ---
  duration_ms: 801.406084
  type: 'test'
  location: '/private/tmp/ppte8/dist/tests/audit-followup-r03.test.js:115:1'
  failureType: 'testCodeFailure'
  error: |-
    The input did not match the regular expression /object-position.*暂无法解析/. Input:
    
    '此浏览器不能覆盖原文件 · 未改动'
    
  code: 'ERR_ASSERTION'
  name: 'AssertionError'
  expected:
  actual: '此浏览器不能覆盖原文件 · 未改动'
  operator: 'match'
  stack: |-
    TestContext.<anonymous> (file:///private/tmp/ppte8/dist/tests/audit-followup-r03.test.js:122:16)
    async Test.run (node:internal/test_runner/test:1054:7)
    async Test.processPendingSubtests (node:internal/test_runner/test:744:7)
  ...
1..17
# tests 17
# suites 0
# pass 7
# fail 10
# cancelled 0
# skipped 0
# todo 0
# duration_ms 54055.653125
